Timestamp,DateTime,Countdown,LocalPosX,LocalPosY,LocalPosZ,LocalRotX,LocalRotY,LocalRotZ,WorldPosX,WorldPosY,WorldPosZ,WorldRotX,WorldRotY,WorldRotZ
2024-07-09 04:09:51.137,2024-07-09 04:09:51.137,299.9631,22.805,5.582055,53.38992,0,89.23193,0,-27.4,5.880055,3.698912,0,89.23193,0
2024-07-09 04:09:51.180,2024-07-09 04:09:51.180,299.8971,22.805,5.582055,53.38992,0,89.23203,0,-27.4,5.880055,3.698912,0,89.23203,0
2024-07-09 04:09:51.221,2024-07-09 04:09:51.221,299.854,22.805,5.582055,53.38992,0,89.23212,0,-27.4,5.880055,3.698912,0,89.23212,0
2024-07-09 04:09:51.265,2024-07-09 04:09:51.265,299.8083,22.805,5.582055,53.38992,0,89.23226,0,-27.4,5.880055,3.698912,0,89.23226,0
2024-07-09 04:09:51.314,2024-07-09 04:09:51.314,299.7604,22.805,5.582055,53.38992,0,89.2323,0,-27.4,5.880055,3.698912,0,89.2323,0
2024-07-09 04:09:51.356,2024-07-09 04:09:51.356,299.7185,22.805,5.582055,53.38992,0,89.23238,0,-27.4,5.880055,3.698912,0,89.23238,0
2024-07-09 04:09:51.391,2024-07-09 04:09:51.391,299.6817,22.805,5.582055,53.38992,0,89.2325,0,-27.4,5.880055,3.698912,0,89.2325,0
2024-07-09 04:09:51.428,2024-07-09 04:09:51.428,299.6449,22.805,5.582055,53.38992,0,89.23267,0,-27.4,5.880055,3.698912,0,89.23267,0
2024-07-09 04:09:51.465,2024-07-09 04:09:51.465,299.6081,22.805,5.582055,53.38992,0,89.23283,0,-27.4,5.880055,3.698912,0,89.23283,0
2024-07-09 04:09:51.500,2024-07-09 04:09:51.500,299.5735,22.805,5.582055,53.38992,0,89.23297,0,-27.4,5.880055,3.698912,0,89.23297,0
2024-07-09 04:09:51.537,2024-07-09 04:09:51.537,299.5374,22.805,5.582055,53.38992,0,89.23315,0,-27.4,5.880055,3.698912,0,89.23315,0
2024-07-09 04:09:51.572,2024-07-09 04:09:51.572,299.5021,22.805,5.582055,53.38992,0,89.23322,0,-27.4,5.880055,3.698912,0,89.23322,0
2024-07-09 04:09:51.606,2024-07-09 04:09:51.606,299.4677,22.805,5.582055,53.38992,0,89.23333,0,-27.4,5.880055,3.698912,0,89.23333,0
2024-07-09 04:09:51.640,2024-07-09 04:09:51.640,299.4338,22.805,5.582055,53.38992,0,89.2335,0,-27.4,5.880055,3.698912,0,89.2335,0
2024-07-09 04:09:51.675,2024-07-09 04:09:51.675,299.3989,22.805,5.582055,53.38992,0,89.23367,0,-27.4,5.880055,3.698912,0,89.23367,0
2024-07-09 04:09:51.709,2024-07-09 04:09:51.709,299.3645,22.805,5.582055,53.38992,0,89.23368,0,-27.4,5.880055,3.698912,0,89.23368,0
2024-07-09 04:09:51.745,2024-07-09 04:09:51.745,299.3291,22.805,5.582055,53.38992,0,89.23377,0,-27.4,5.880055,3.698912,0,89.23377,0
2024-07-09 04:09:51.780,2024-07-09 04:09:51.780,299.2939,22.805,5.582055,53.38992,0,89.23378,0,-27.4,5.880055,3.698912,0,89.23378,0
2024-07-09 04:09:51.816,2024-07-09 04:09:51.816,299.2573,22.805,5.582055,53.38992,0,89.23386,0,-27.4,5.880055,3.698912,0,89.23386,0
2024-07-09 04:09:51.851,2024-07-09 04:09:51.851,299.2222,22.805,5.582055,53.38992,0,89.23396,0,-27.4,5.880055,3.698912,0,89.23396,0
2024-07-09 04:09:51.887,2024-07-09 04:09:51.887,299.1862,22.805,5.582055,53.38992,0,89.23409,0,-27.4,5.880055,3.698912,0,89.23409,0
2024-07-09 04:09:51.923,2024-07-09 04:09:51.923,299.1505,22.805,5.582055,53.38992,0,89.23418,0,-27.4,5.880055,3.698912,0,89.23418,0
2024-07-09 04:09:51.959,2024-07-09 04:09:51.959,299.1147,22.805,5.582055,53.38992,0,89.23428,0,-27.4,5.880055,3.698912,0,89.23428,0
2024-07-09 04:09:51.995,2024-07-09 04:09:51.995,299.0786,22.805,5.582055,53.38992,0,89.23441,0,-27.4,5.880055,3.698912,0,89.23441,0
2024-07-09 04:09:52.027,2024-07-09 04:09:52.027,299.0461,22.805,5.582055,53.38992,0,89.23452,0,-27.4,5.880055,3.698912,0,89.23452,0
2024-07-09 04:09:52.062,2024-07-09 04:09:52.062,299.012,22.805,5.582055,53.38992,0,89.2348,0,-27.4,5.880055,3.698912,0,89.2348,0
2024-07-09 04:09:52.095,2024-07-09 04:09:52.095,298.979,22.805,5.582055,53.38992,0,89.235,0,-27.4,5.880055,3.698912,0,89.235,0
2024-07-09 04:09:52.129,2024-07-09 04:09:52.129,298.944,22.805,5.582055,53.38992,0,89.23511,0,-27.4,5.880055,3.698912,0,89.23511,0
2024-07-09 04:09:52.164,2024-07-09 04:09:52.164,298.9106,22.805,5.582055,53.38992,0,89.23524,0,-27.4,5.880055,3.698912,0,89.23524,0
2024-07-09 04:09:52.198,2024-07-09 04:09:52.198,298.8763,22.805,5.582055,53.38992,0,89.23529,0,-27.4,5.880055,3.698912,0,89.23529,0
2024-07-09 04:09:52.231,2024-07-09 04:09:52.231,298.8423,22.805,5.582055,53.38992,0,89.23537,0,-27.4,5.880055,3.698912,0,89.23537,0
2024-07-09 04:09:52.265,2024-07-09 04:09:52.265,298.8087,22.805,5.582055,53.38992,0,89.23543,0,-27.4,5.880055,3.698912,0,89.23543,0
2024-07-09 04:09:52.298,2024-07-09 04:09:52.298,298.7752,22.805,5.582055,53.38992,0,89.23549,0,-27.4,5.880055,3.698912,0,89.23549,0
2024-07-09 04:09:52.332,2024-07-09 04:09:52.332,298.7415,22.805,5.582055,53.38992,0,89.2356,0,-27.4,5.880055,3.698912,0,89.2356,0
2024-07-09 04:09:52.368,2024-07-09 04:09:52.368,298.7062,22.805,5.582055,53.38992,0,89.2357,0,-27.4,5.880055,3.698912,0,89.2357,0
2024-07-09 04:09:52.403,2024-07-09 04:09:52.403,298.6711,22.805,5.582055,53.38992,0,89.23589,0,-27.4,5.880055,3.698912,0,89.23589,0
2024-07-09 04:09:52.439,2024-07-09 04:09:52.439,298.6348,22.805,5.582055,53.38992,0,89.23595,0,-27.4,5.880055,3.698912,0,89.23595,0
2024-07-09 04:09:52.472,2024-07-09 04:09:52.472,298.6004,22.805,5.582055,53.38992,0,89.23616,0,-27.4,5.880055,3.698912,0,89.23616,0
2024-07-09 04:09:52.507,2024-07-09 04:09:52.507,298.567,22.805,5.582055,53.38992,0,89.23627,0,-27.4,5.880055,3.698912,0,89.23627,0
2024-07-09 04:09:52.542,2024-07-09 04:09:52.542,298.5324,22.805,5.582055,53.38992,0,89.23634,0,-27.4,5.880055,3.698912,0,89.23634,0
2024-07-09 04:09:52.580,2024-07-09 04:09:52.580,298.4978,22.805,5.582055,53.38992,0,89.23641,0,-27.4,5.880055,3.698912,0,89.23641,0
2024-07-09 04:09:52.611,2024-07-09 04:09:52.611,298.4623,22.805,5.632455,53.38992,0,89.23658,0,-27.4,5.930455,3.698912,0,89.23658,0
2024-07-09 04:09:52.645,2024-07-09 04:09:52.645,298.429,22.805,5.733254,53.38992,0,89.2366,0,-27.4,6.031254,3.698912,0,89.2366,0
2024-07-09 04:09:52.677,2024-07-09 04:09:52.677,298.3961,22.805,5.834054,53.38992,0,89.2367,0,-27.4,6.132054,3.698912,0,89.2367,0
2024-07-09 04:09:52.710,2024-07-09 04:09:52.710,298.3632,22.805,5.884454,53.38992,0,89.23672,0,-27.4,6.182454,3.698912,0,89.23672,0
2024-07-09 04:09:52.744,2024-07-09 04:09:52.744,298.3297,22.805,5.985253,53.38992,0,89.23682,0,-27.4,6.283253,3.698912,0,89.23682,0
2024-07-09 04:09:52.776,2024-07-09 04:09:52.776,298.2976,22.805,6.086053,53.38992,0,89.23696,0,-27.4,6.384053,3.698912,0,89.23696,0
2024-07-09 04:09:52.809,2024-07-09 04:09:52.809,298.2644,22.805,6.136453,53.38992,0,89.23707,0,-27.4,6.434453,3.698912,0,89.23707,0
2024-07-09 04:09:52.842,2024-07-09 04:09:52.842,298.2318,22.805,6.237252,53.38992,0,89.23714,0,-27.4,6.535252,3.698912,0,89.23714,0
2024-07-09 04:09:52.876,2024-07-09 04:09:52.876,298.1977,22.805,6.338052,53.38992,0,89.23729,0,-27.4,6.636052,3.698912,0,89.23729,0
2024-07-09 04:09:52.909,2024-07-09 04:09:52.909,298.1642,22.805,6.388452,53.38992,0,89.23736,0,-27.4,6.686451,3.698912,0,89.23736,0
2024-07-09 04:09:52.944,2024-07-09 04:09:52.944,298.1294,22.805,6.489251,53.38992,0,89.2374,0,-27.4,6.787251,3.698912,0,89.2374,0
2024-07-09 04:09:52.979,2024-07-09 04:09:52.979,298.0963,22.805,6.590051,53.38991,0,89.23743,0,-27.4,6.888051,3.698911,0,89.23743,0
2024-07-09 04:09:53.012,2024-07-09 04:09:53.012,298.0616,22.805,6.64045,53.38991,0,89.23758,0,-27.4,6.93845,3.698911,0,89.23758,0
2024-07-09 04:09:53.047,2024-07-09 04:09:53.047,298.0271,22.805,6.74125,53.38991,0,89.23779,0,-27.4,7.03925,3.698911,0,89.23779,0
2024-07-09 04:09:53.080,2024-07-09 04:09:53.080,297.9945,22.805,6.84205,53.38991,0,89.23781,0,-27.4,7.140049,3.698911,0,89.23781,0
2024-07-09 04:09:53.114,2024-07-09 04:09:53.114,297.959,22.81048,6.942849,53.39389,0,89.23792,0,-27.39453,7.240849,3.702884,0,89.23792,0
2024-07-09 04:09:53.148,2024-07-09 04:09:53.148,297.9251,22.82401,6.993249,53.40734,0,88.75383,0,-27.38099,7.291249,3.716334,0,88.75383,0
2024-07-09 04:09:53.184,2024-07-09 04:09:53.184,297.8901,22.8685,6.993249,53.46031,0,88.09042,0,-27.3365,7.291249,3.769308,0,88.09042,0
2024-07-09 04:09:53.219,2024-07-09 04:09:53.219,297.8545,22.92082,6.993249,53.52775,0,86.52908,0,-27.28418,7.291249,3.836748,0,86.52908,0
2024-07-09 04:09:53.254,2024-07-09 04:09:53.254,297.8201,22.95472,7.043649,53.58729,0,84.86218,0,-27.25028,7.341649,3.896285,0,84.86218,0
2024-07-09 04:09:53.289,2024-07-09 04:09:53.289,297.7845,23.01801,7.144448,53.71664,0,82.72798,0,-27.187,7.442448,4.025634,0,82.72798,0
2024-07-09 04:09:53.326,2024-07-09 04:09:53.326,297.7481,23.0689,7.245248,53.85134,0,79.90305,0,-27.1361,7.543248,4.160341,0,79.90305,0
2024-07-09 04:09:53.361,2024-07-09 04:09:53.361,297.7125,23.11309,7.346047,53.9884,0,77.13037,0,-27.09192,7.644047,4.297393,0,77.13037,0
2024-07-09 04:09:53.395,2024-07-09 04:09:53.395,297.6786,23.1506,7.446847,54.12742,0,74.49291,0,-27.05441,7.744847,4.436421,0,74.49291,0
2024-07-09 04:09:53.431,2024-07-09 04:09:53.431,297.6424,23.16613,7.497247,54.19773,0,71.67718,0,-27.03887,7.795247,4.506725,0,71.67718,0
2024-07-09 04:09:53.465,2024-07-09 04:09:53.465,297.609,23.19026,7.598046,54.33969,0,69.08088,0,-27.01474,7.896046,4.648689,0,69.08088,0
2024-07-09 04:09:53.498,2024-07-09 04:09:53.498,297.5757,23.21291,7.698846,54.4819,0,66.4894,0,-26.99209,7.996846,4.790897,0,66.4894,0
2024-07-09 04:09:53.532,2024-07-09 04:09:53.532,297.541,23.22378,7.749246,54.55293,0,63.78999,0,-26.98122,8.047246,4.861924,0,63.78999,0
2024-07-09 04:09:53.566,2024-07-09 04:09:53.566,297.5082,23.23956,7.850046,54.68079,0,61.24221,0,-26.96544,8.148046,4.989788,0,61.24221,0
2024-07-09 04:09:53.601,2024-07-09 04:09:53.601,297.4731,23.24965,7.950845,54.80923,0,58.50651,0,-26.95535,8.248845,5.118227,0,58.50651,0
2024-07-09 04:09:53.636,2024-07-09 04:09:53.636,297.438,23.25359,8.051644,54.938,0,55.78317,0,-26.95141,8.349645,5.247002,0,55.78317,0
2024-07-09 04:09:53.670,2024-07-09 04:09:53.670,297.403,23.2525,8.102044,55.00241,0,53.06054,0,-26.9525,8.400044,5.31141,0,53.06054,0
2024-07-09 04:09:53.712,2024-07-09 04:09:53.712,297.3615,23.24043,8.202844,55.12766,0,49.82829,0,-26.96457,8.500844,5.436656,0,49.82829,0
2024-07-09 04:09:53.748,2024-07-09 04:09:53.748,297.3252,23.22527,8.303643,55.24657,0,47.00288,0,-26.97973,8.601644,5.555566,0,47.00288,0
2024-07-09 04:09:53.792,2024-07-09 04:09:53.792,297.2823,23.20841,8.404443,55.34946,0,43.66955,0,-26.99659,8.702443,5.658453,0,43.66955,0
2024-07-09 04:09:53.831,2024-07-09 04:09:53.831,297.2433,23.18819,8.505242,55.43538,0,40.63489,0,-27.01681,8.803243,5.744379,0,40.63489,0
2024-07-09 04:09:53.867,2024-07-09 04:09:53.867,297.2066,23.1803,8.606042,55.5,0,37.77668,0,-27.02471,8.904042,5.808994,0,37.77668,0
2024-07-09 04:09:53.903,2024-07-09 04:09:53.903,297.1711,23.18032,8.706841,55.53263,0,35.02108,0,-27.02469,9.004842,5.841627,0,35.02108,0
2024-07-09 04:09:53.938,2024-07-09 04:09:53.938,297.1358,23.18104,8.807641,55.5429,0,32.27438,0,-27.02396,9.105641,5.851902,0,32.27438,0
2024-07-09 04:09:53.974,2024-07-09 04:09:53.974,297.1002,23.18104,8.858041,55.5429,0,29.50305,0,-27.02396,9.156041,5.851902,0,29.50305,0
2024-07-09 04:09:54.010,2024-07-09 04:09:54.010,297.064,23.18104,8.95884,55.5429,0,26.68392,0,-27.02396,9.256841,5.851902,0,26.68392,0
2024-07-09 04:09:54.047,2024-07-09 04:09:54.047,297.0262,23.18104,9.05964,55.5429,0,23.74472,0,-27.02396,9.35764,5.851902,0,23.74472,0
2024-07-09 04:09:54.084,2024-07-09 04:09:54.084,296.9906,23.18104,9.160439,55.5429,0,20.97629,0,-27.02396,9.45844,5.851902,0,20.97629,0
2024-07-09 04:09:54.117,2024-07-09 04:09:54.117,296.957,23.18104,9.261239,55.5429,0,18.35991,0,-27.02396,9.559239,5.851902,0,18.35991,0
2024-07-09 04:09:54.151,2024-07-09 04:09:54.151,296.9221,23.18104,9.311639,55.5429,0,15.65093,0,-27.02396,9.609639,5.851902,0,15.65093,0
2024-07-09 04:09:54.187,2024-07-09 04:09:54.187,296.8871,23.18104,9.412438,55.5429,0,12.92298,0,-27.02396,9.710439,5.851902,0,12.92298,0
2024-07-09 04:09:54.220,2024-07-09 04:09:54.220,296.854,23.18104,9.513238,55.5429,0,10.34742,0,-27.02396,9.811238,5.851902,0,10.34742,0
2024-07-09 04:09:54.256,2024-07-09 04:09:54.256,296.8175,23.18104,9.614038,55.5429,0,7.511058,0,-27.02396,9.912038,5.851902,0,7.511058,0
2024-07-09 04:09:54.292,2024-07-09 04:09:54.292,296.7815,23.18104,9.664437,55.5429,0,4.7102,0,-27.02396,9.962438,5.851902,0,4.7102,0
2024-07-09 04:09:54.327,2024-07-09 04:09:54.327,296.7466,23.18104,9.765237,55.5429,0,1.998952,0,-27.02396,10.06324,5.851902,0,1.998952,0
2024-07-09 04:09:54.362,2024-07-09 04:09:54.362,296.7124,23.18105,9.866036,55.5429,0,359.3384,0,-27.02396,10.16404,5.851902,0,359.3384,0
2024-07-09 04:09:54.397,2024-07-09 04:09:54.397,296.677,23.18105,9.966836,55.5429,0,356.5812,0,-27.02396,10.26484,5.851902,0,356.5812,0
2024-07-09 04:09:54.434,2024-07-09 04:09:54.434,296.6401,23.18105,10.01724,55.5429,0,353.7086,0,-27.02396,10.31524,5.851902,0,353.7086,0
2024-07-09 04:09:54.470,2024-07-09 04:09:54.470,296.6035,23.18105,10.11804,55.5429,0,350.8603,0,-27.02396,10.41604,5.851902,0,350.8603,0
2024-07-09 04:09:54.505,2024-07-09 04:09:54.505,296.569,23.18105,10.21883,55.5429,0,348.1795,0,-27.02396,10.51684,5.851902,0,348.1795,0
2024-07-09 04:09:54.539,2024-07-09 04:09:54.539,296.5348,23.18105,10.31963,55.5429,0,345.5169,0,-27.02396,10.61763,5.851902,0,345.5169,0
2024-07-09 04:09:54.571,2024-07-09 04:09:54.571,296.502,23.18105,10.37003,55.5429,0,342.9677,0,-27.02396,10.66803,5.851902,0,342.9677,0
2024-07-09 04:09:54.606,2024-07-09 04:09:54.606,296.4672,23.18105,10.47083,55.5429,0,340.259,0,-27.02396,10.76883,5.851902,0,340.259,0
2024-07-09 04:09:54.638,2024-07-09 04:09:54.638,296.4354,23.18105,10.57163,55.5429,0,337.7882,0,-27.02396,10.86963,5.851902,0,337.7882,0
2024-07-09 04:09:54.672,2024-07-09 04:09:54.672,296.4015,23.18105,10.62203,55.5429,0,335.1507,0,-27.02396,10.92003,5.851902,0,335.1507,0
2024-07-09 04:09:54.705,2024-07-09 04:09:54.705,296.3686,23.18105,10.72283,55.5429,0,332.5947,0,-27.02396,11.02083,5.851902,0,332.5947,0
2024-07-09 04:09:54.738,2024-07-09 04:09:54.738,296.3356,23.18105,10.82363,55.5429,0,330.0245,0,-27.02396,11.12163,5.851902,0,330.0245,0
2024-07-09 04:09:54.768,2024-07-09 04:09:54.768,296.3049,23.18689,10.87403,55.54079,0,327.6413,0,-27.01812,11.17203,5.849785,0,327.6413,0
2024-07-09 04:09:54.799,2024-07-09 04:09:54.799,296.274,23.2089,10.97483,55.52945,0,325.2364,0,-26.9961,11.27283,5.838442,0,325.2364,0
2024-07-09 04:09:54.830,2024-07-09 04:09:54.830,296.2422,23.22709,11.02523,55.51996,0,322.7656,0,-26.97791,11.32323,5.82896,0,322.7656,0
2024-07-09 04:09:54.862,2024-07-09 04:09:54.862,296.2115,23.29682,11.12603,55.47741,0,320.376,0,-26.90818,11.42403,5.786406,0,320.376,0
2024-07-09 04:09:54.892,2024-07-09 04:09:54.892,296.1812,23.34296,11.17643,55.4508,0,318.0184,0,-26.86204,11.47443,5.7598,0,318.0184,0
2024-07-09 04:09:54.923,2024-07-09 04:09:54.923,296.1502,23.46373,11.27723,55.37238,0,315.6093,0,-26.74127,11.57523,5.681372,0,315.6093,0
2024-07-09 04:09:54.954,2024-07-09 04:09:54.954,296.1192,23.52521,11.32763,55.3349,0,313.1935,0,-26.67979,11.62563,5.643903,0,313.1935,0
2024-07-09 04:09:54.985,2024-07-09 04:09:54.985,296.0883,23.64608,11.42843,55.25663,0,310.7882,0,-26.55892,11.72643,5.565625,0,310.7882,0
2024-07-09 04:09:55.019,2024-07-09 04:09:55.019,296.0546,23.77012,11.52923,55.18349,0,308.1727,0,-26.43488,11.82723,5.492489,0,308.1727,0
2024-07-09 04:09:55.053,2024-07-09 04:09:55.053,296.0208,23.83375,11.57963,55.14979,0,305.5407,0,-26.37125,11.87763,5.458789,0,305.5407,0
2024-07-09 04:09:55.083,2024-07-09 04:09:55.083,295.9897,23.96244,11.68043,55.08518,0,303.1228,0,-26.24256,11.97843,5.394176,0,303.1228,0
2024-07-09 04:09:55.115,2024-07-09 04:09:55.115,295.9585,24.09374,11.78123,55.02605,0,300.6949,0,-26.11126,12.07923,5.335049,0,300.6949,0
2024-07-09 04:09:55.145,2024-07-09 04:09:55.145,295.9273,24.16059,11.83163,54.99929,0,298.2696,0,-26.04442,12.12963,5.308293,0,298.2696,0
2024-07-09 04:09:55.176,2024-07-09 04:09:55.176,295.8967,24.29529,11.93243,54.94838,0,295.885,0,-25.90972,12.23043,5.257381,0,295.885,0
2024-07-09 04:09:55.206,2024-07-09 04:09:55.206,295.8661,24.36364,11.98283,54.92575,0,293.5084,0,-25.84137,12.28083,5.234749,0,293.5084,0
2024-07-09 04:09:55.237,2024-07-09 04:09:55.237,295.8363,24.5021,12.08363,54.8862,0,291.1887,0,-25.7029,12.38163,5.195193,0,291.1887,0
2024-07-09 04:09:55.269,2024-07-09 04:09:55.269,295.8051,24.57207,12.13403,54.86924,0,288.762,0,-25.63293,12.43203,5.178234,0,288.762,0
2024-07-09 04:09:55.301,2024-07-09 04:09:55.301,295.7737,24.71333,12.23483,54.84127,0,286.3185,0,-25.49167,12.53283,5.15027,0,286.3185,0
2024-07-09 04:09:55.331,2024-07-09 04:09:55.331,295.7422,24.78449,12.28523,54.83031,0,283.8698,0,-25.42051,12.58323,5.139312,0,283.8698,0
2024-07-09 04:09:55.363,2024-07-09 04:09:55.363,295.7108,24.92762,12.38603,54.8145,0,281.4238,0,-25.27738,12.68403,5.123497,0,281.4238,0
2024-07-09 04:09:55.397,2024-07-09 04:09:55.397,295.6768,25.07129,12.48682,54.80481,0,278.7808,0,-25.13371,12.78483,5.113805,0,278.7808,0
2024-07-09 04:09:55.429,2024-07-09 04:09:55.429,295.6442,25.14328,12.53722,54.80328,0,276.2392,0,-25.06173,12.83523,5.112277,0,276.2392,0
2024-07-09 04:09:55.461,2024-07-09 04:09:55.461,295.6123,25.28727,12.63802,54.80217,0,273.7634,0,-24.91773,12.93602,5.111168,0,273.7634,0
2024-07-09 04:09:55.495,2024-07-09 04:09:55.495,295.5789,25.43118,12.73882,54.80729,0,271.1717,0,-24.77382,13.03682,5.116282,0,271.1717,0
2024-07-09 04:09:55.528,2024-07-09 04:09:55.528,295.5455,25.50295,12.78922,54.81309,0,270.1462,0,-24.70205,13.08722,5.12209,0,270.1462,0
2024-07-09 04:09:55.559,2024-07-09 04:09:55.559,295.5139,25.64625,12.78922,54.82727,0,270.1461,0,-24.55875,13.08722,5.136273,0,270.1461,0
2024-07-09 04:09:55.591,2024-07-09 04:09:55.591,295.4822,25.7179,12.78922,54.83437,0,270.146,0,-24.4871,13.08722,5.143364,0,270.146,0
2024-07-09 04:09:55.622,2024-07-09 04:09:55.622,295.4521,25.8612,12.78922,54.84855,0,270.1459,0,-24.34381,13.08722,5.157547,0,270.1459,0
2024-07-09 04:09:55.658,2024-07-09 04:09:55.658,295.4157,26.0045,12.78922,54.86273,0,270.1458,0,-24.20051,13.08722,5.171731,0,270.1458,0
2024-07-09 04:09:55.696,2024-07-09 04:09:55.696,295.3788,26.14779,12.78922,54.87691,0,270.1458,0,-24.05721,13.08722,5.185914,0,270.1458,0
2024-07-09 04:09:55.726,2024-07-09 04:09:55.726,295.3463,26.21944,12.78922,54.88401,0,270.1458,0,-23.98556,13.08722,5.193006,0,270.1458,0
2024-07-09 04:09:55.759,2024-07-09 04:09:55.759,295.3148,26.36274,12.78922,54.89819,0,270.1211,0,-23.84226,13.08722,5.20719,0,270.1211,0
2024-07-09 04:09:55.789,2024-07-09 04:09:55.789,295.2837,26.43439,12.78922,54.90532,0,269.0934,0,-23.77061,13.08722,5.214313,0,269.0934,0
2024-07-09 04:09:55.822,2024-07-09 04:09:55.822,295.252,26.57741,12.68842,54.92213,0,267.133,0,-23.62759,12.98642,5.231126,0,267.133,0
2024-07-09 04:09:55.853,2024-07-09 04:09:55.853,295.2196,26.64859,12.63802,54.93298,0,265.1656,0,-23.55642,12.93602,5.241974,0,265.1656,0
2024-07-09 04:09:55.884,2024-07-09 04:09:55.884,295.1896,26.79012,12.53722,54.95955,0,263.3426,0,-23.41489,12.83523,5.268544,0,263.3426,0
2024-07-09 04:09:55.914,2024-07-09 04:09:55.914,295.1588,26.93073,12.43643,54.9906,0,261.4673,0,-23.27428,12.73443,5.299603,0,261.4673,0
2024-07-09 04:09:55.945,2024-07-09 04:09:55.945,295.1288,27.00048,12.38603,55.00843,0,259.6453,0,-23.20452,12.68403,5.317425,0,259.6453,0
2024-07-09 04:09:55.977,2024-07-09 04:09:55.977,295.0969,27.1388,12.28523,55.04849,0,257.7109,0,-23.0662,12.58323,5.357487,0,257.7109,0
2024-07-09 04:09:56.006,2024-07-09 04:09:56.006,295.0664,27.20724,12.23483,55.07084,0,255.8608,0,-22.99776,12.53283,5.379841,0,255.8608,0
2024-07-09 04:09:56.038,2024-07-09 04:09:56.038,295.0354,27.34103,12.13403,55.1241,0,253.9757,0,-22.86397,12.43203,5.433093,0,253.9757,0
2024-07-09 04:09:56.069,2024-07-09 04:09:56.069,295.0044,27.40701,12.08363,55.15291,0,252.0918,0,-22.79799,12.38163,5.461905,0,252.0918,0
2024-07-09 04:09:56.100,2024-07-09 04:09:56.100,294.9742,27.53702,11.98283,55.21484,0,250.2556,0,-22.66799,12.28083,5.523837,0,250.2556,0
2024-07-09 04:09:56.129,2024-07-09 04:09:56.129,294.9435,27.60099,11.93243,55.24787,0,248.3953,0,-22.60401,12.23043,5.55687,0,248.3953,0
2024-07-09 04:09:56.160,2024-07-09 04:09:56.160,294.9137,27.72673,11.83163,55.31806,0,246.5827,0,-22.47827,12.12963,5.627055,0,246.5827,0
2024-07-09 04:09:56.192,2024-07-09 04:09:56.192,294.8816,27.78846,11.78123,55.35512,0,244.6327,0,-22.41654,12.07923,5.664118,0,244.6327,0
2024-07-09 04:09:56.224,2024-07-09 04:09:56.224,294.8493,27.90932,11.68043,55.4334,0,242.6759,0,-22.29568,11.97843,5.742402,0,242.6759,0
2024-07-09 04:09:56.254,2024-07-09 04:09:56.254,294.8194,27.96838,11.63003,55.47459,0,240.8569,0,-22.23662,11.92803,5.783585,0,240.8569,0
2024-07-09 04:09:56.287,2024-07-09 04:09:56.287,294.7877,28.08382,11.52923,55.56066,0,238.9288,0,-22.12118,11.82723,5.869659,0,238.9288,0
2024-07-09 04:09:56.320,2024-07-09 04:09:56.320,294.7535,28.19631,11.42843,55.65057,0,236.8556,0,-22.0087,11.72643,5.959568,0,236.8556,0
2024-07-09 04:09:56.351,2024-07-09 04:09:56.351,294.7217,28.25089,11.37803,55.69753,0,234.9239,0,-21.95412,11.67603,6.006527,0,234.9239,0
2024-07-09 04:09:56.382,2024-07-09 04:09:56.382,294.6917,28.35682,11.27723,55.79507,0,233.1014,0,-21.84819,11.57523,6.104073,0,233.1014,0
2024-07-09 04:09:56.416,2024-07-09 04:09:56.416,294.6578,28.45959,11.17643,55.89594,0,231.0087,0,-21.74541,11.47443,6.204938,0,231.0087,0
2024-07-09 04:09:56.447,2024-07-09 04:09:56.447,294.6257,28.5091,11.12603,55.94822,0,229.0302,0,-21.6959,11.42403,6.257214,0,229.0302,0
2024-07-09 04:09:56.483,2024-07-09 04:09:56.483,294.5905,28.60445,11.02523,56.05612,0,226.8616,0,-21.60055,11.32323,6.365121,0,226.8616,0
2024-07-09 04:09:56.518,2024-07-09 04:09:56.518,294.556,28.69565,10.92443,56.16756,0,224.7383,0,-21.50935,11.22243,6.476559,0,224.7383,0
2024-07-09 04:09:56.551,2024-07-09 04:09:56.551,294.5216,28.73916,10.87403,56.22493,0,222.6192,0,-21.46585,11.17203,6.533929,0,222.6192,0
2024-07-09 04:09:56.587,2024-07-09 04:09:56.587,294.4873,28.82546,10.77323,56.34021,0,220.5049,0,-21.37955,11.07123,6.649204,0,220.5049,0
2024-07-09 04:09:56.619,2024-07-09 04:09:56.619,294.4547,28.90745,10.67243,56.45858,0,218.4947,0,-21.29756,10.97043,6.767583,0,218.4947,0
2024-07-09 04:09:56.652,2024-07-09 04:09:56.652,294.4222,28.94634,10.62203,56.51918,0,216.4894,0,-21.25866,10.92003,6.828175,0,216.4894,0
2024-07-09 04:09:56.687,2024-07-09 04:09:56.687,294.3875,29.01984,10.52123,56.64301,0,214.35,0,-21.18517,10.81923,6.952005,0,214.35,0
2024-07-09 04:09:56.719,2024-07-09 04:09:56.719,294.3548,29.08866,10.42043,56.76949,0,212.338,0,-21.11634,10.71843,7.078493,0,212.338,0
2024-07-09 04:09:56.752,2024-07-09 04:09:56.752,294.3222,29.12083,10.37003,56.83391,0,210.3284,0,-21.08417,10.66803,7.142906,0,210.3284,0
2024-07-09 04:09:56.786,2024-07-09 04:09:56.786,294.2876,29.18062,10.26923,56.96491,0,208.1986,0,-21.02439,10.56723,7.27391,0,208.1986,0
2024-07-09 04:09:56.819,2024-07-09 04:09:56.819,294.2547,29.23549,10.16844,57.09805,0,206.1689,0,-20.96951,10.46644,7.407044,0,206.1689,0
2024-07-09 04:09:56.852,2024-07-09 04:09:56.852,294.2212,29.26055,10.11804,57.16554,0,204.1058,0,-20.94445,10.41604,7.474542,0,204.1058,0
2024-07-09 04:09:56.887,2024-07-09 04:09:56.887,294.1864,29.30578,10.01724,57.30225,0,201.961,0,-20.89922,10.31524,7.611253,0,201.961,0
2024-07-09 04:09:56.920,2024-07-09 04:09:56.920,294.154,29.34587,9.916436,57.44056,0,199.9684,0,-20.85913,10.21444,7.749561,0,199.9684,0
2024-07-09 04:09:56.952,2024-07-09 04:09:56.952,294.1212,29.36349,9.866036,57.51037,0,197.9429,0,-20.84151,10.16404,7.819371,0,197.9429,0
2024-07-09 04:09:56.986,2024-07-09 04:09:56.986,294.0881,29.39379,9.765237,57.65115,0,195.9327,0,-20.81121,10.06324,7.960148,0,195.9327,0
2024-07-09 04:09:57.019,2024-07-09 04:09:57.019,294.0549,29.41147,9.664437,57.79406,0,193.9765,0,-20.79353,9.962438,8.103058,0,193.9765,0
2024-07-09 04:09:57.049,2024-07-09 04:09:57.049,294.0235,29.41786,9.614038,57.86578,0,192.1589,0,-20.78714,9.912038,8.174773,0,192.1589,0
2024-07-09 04:09:57.082,2024-07-09 04:09:57.082,293.9908,29.42262,9.513238,58.0097,0,190.3013,0,-20.78238,9.811238,8.318694,0,190.3013,0
2024-07-09 04:09:57.115,2024-07-09 04:09:57.115,293.9588,29.42272,9.412438,58.15369,0,188.4794,0,-20.78229,9.710439,8.462693,0,188.4794,0
2024-07-09 04:09:57.146,2024-07-09 04:09:57.146,293.9269,29.42047,9.362039,58.22566,0,186.6643,0,-20.78453,9.660039,8.534658,0,186.6643,0
2024-07-09 04:09:57.180,2024-07-09 04:09:57.180,293.8939,29.41143,9.261239,58.36938,0,184.7898,0,-20.79357,9.559239,8.678373,0,184.7898,0
2024-07-09 04:09:57.213,2024-07-09 04:09:57.213,293.8611,29.40456,9.210839,58.44105,0,182.9249,0,-20.80044,9.50884,8.750045,0,182.9249,0
2024-07-09 04:09:57.246,2024-07-09 04:09:57.246,293.8277,29.38616,9.11004,58.58387,0,181.0221,0,-20.81884,9.40804,8.892865,0,181.0221,0
2024-07-09 04:09:57.278,2024-07-09 04:09:57.278,293.7956,29.36756,9.00924,58.72666,0,179.1963,0,-20.83744,9.30724,9.035659,0,179.1963,0
2024-07-09 04:09:57.310,2024-07-09 04:09:57.310,293.7639,29.356,8.95884,58.79773,0,179.1963,0,-20.84901,9.256841,9.106724,0,179.1963,0
2024-07-09 04:09:57.345,2024-07-09 04:09:57.345,293.7291,29.34055,8.858041,58.9409,0,179.1963,0,-20.86446,9.156041,9.249893,0,179.1963,0
2024-07-09 04:09:57.379,2024-07-09 04:09:57.379,293.6945,29.34055,8.757241,58.9409,0,179.1963,0,-20.86446,9.055242,9.249893,0,179.1963,0
2024-07-09 04:09:57.412,2024-07-09 04:09:57.412,293.6611,29.34055,8.706841,58.9409,0,179.1963,0,-20.86446,9.004842,9.249894,0,179.1963,0
2024-07-09 04:09:57.446,2024-07-09 04:09:57.446,293.628,29.34055,8.606042,58.9409,0,179.1963,0,-20.86446,8.904042,9.249894,0,179.1963,0
2024-07-09 04:09:57.480,2024-07-09 04:09:57.480,293.5936,29.34055,8.505242,58.9409,0,179.1963,0,-20.86446,8.803243,9.249894,0,179.1963,0
2024-07-09 04:09:57.513,2024-07-09 04:09:57.513,293.5595,29.34055,8.454843,58.9409,0,179.1963,0,-20.86446,8.752843,9.249894,0,179.1963,0
2024-07-09 04:09:57.546,2024-07-09 04:09:57.546,293.528,29.34055,8.354043,58.9409,0,179.1963,0,-20.86446,8.652043,9.249894,0,179.1963,0
2024-07-09 04:09:57.582,2024-07-09 04:09:57.582,293.492,29.34055,8.253243,58.9409,0,179.1963,0,-20.86446,8.551244,9.249894,0,179.1963,0
2024-07-09 04:09:57.616,2024-07-09 04:09:57.616,293.4584,29.34055,8.152444,58.9409,0,179.1963,0,-20.86446,8.450444,9.249894,0,179.1963,0
2024-07-09 04:09:57.651,2024-07-09 04:09:57.651,293.4224,29.34055,8.102044,58.9409,0,179.1963,0,-20.86446,8.400044,9.249894,0,179.1963,0
2024-07-09 04:09:57.683,2024-07-09 04:09:57.683,293.3903,29.34055,8.001245,58.9409,0,179.1962,0,-20.86446,8.299245,9.249895,0,179.1962,0
2024-07-09 04:09:57.715,2024-07-09 04:09:57.715,293.358,29.34055,7.900445,58.9409,0,179.1962,0,-20.86446,8.198445,9.249895,0,179.1962,0
2024-07-09 04:09:57.746,2024-07-09 04:09:57.746,293.3262,29.34055,7.850046,58.9409,0,179.1962,0,-20.86446,8.148046,9.249895,0,179.1962,0
2024-07-09 04:09:57.780,2024-07-09 04:09:57.780,293.2936,29.34055,7.749246,58.9409,0,179.1962,0,-20.86446,8.047246,9.249895,0,179.1962,0
2024-07-09 04:09:57.812,2024-07-09 04:09:57.812,293.2613,29.34055,7.698846,58.9409,0,179.1962,0,-20.86446,7.996846,9.249895,0,179.1962,0
2024-07-09 04:09:57.846,2024-07-09 04:09:57.846,293.2275,29.34055,7.598047,58.9409,0,179.1962,0,-20.86446,7.896047,9.249895,0,179.1962,0
2024-07-09 04:09:57.881,2024-07-09 04:09:57.881,293.1932,29.34055,7.497247,58.9409,0,179.1962,0,-20.86446,7.795247,9.249895,0,179.1962,0
2024-07-09 04:09:57.912,2024-07-09 04:09:57.912,293.1613,29.34055,7.497247,58.9409,0,179.1962,0,-20.86446,7.795247,9.249895,0,179.1962,0
2024-07-09 04:09:57.947,2024-07-09 04:09:57.947,293.127,29.34055,7.497247,58.9409,0,179.1962,0,-20.86446,7.795247,9.249895,0,179.1962,0
2024-07-09 04:09:57.979,2024-07-09 04:09:57.979,293.0952,29.34055,7.497247,58.9409,0,179.1962,0,-20.86446,7.795247,9.249895,0,179.1962,0
2024-07-09 04:09:58.012,2024-07-09 04:09:58.012,293.0611,29.34055,7.497247,58.9409,0,179.1962,0,-20.86446,7.795247,9.249895,0,179.1962,0
2024-07-09 04:09:58.048,2024-07-09 04:09:58.048,293.0254,29.34055,7.497247,58.9409,0,179.1962,0,-20.86446,7.795247,9.249895,0,179.1962,0
2024-07-09 04:09:58.082,2024-07-09 04:09:58.082,292.9916,29.34055,7.497247,58.9409,0,179.1962,0,-20.86446,7.795247,9.249895,0,179.1962,0
2024-07-09 04:09:58.121,2024-07-09 04:09:58.121,292.9531,29.34055,7.497247,58.9409,0,179.1962,0,-20.86446,7.795247,9.249895,0,179.1962,0
2024-07-09 04:09:58.159,2024-07-09 04:09:58.159,292.9153,29.34055,7.497247,58.9409,0,179.1962,0,-20.86446,7.795247,9.249895,0,179.1962,0
2024-07-09 04:09:58.191,2024-07-09 04:09:58.191,292.8811,29.34055,7.497247,58.9409,0,179.1962,0,-20.86446,7.795247,9.249895,0,179.1962,0
2024-07-09 04:09:58.225,2024-07-09 04:09:58.225,292.8483,29.34055,7.497247,58.9409,0,179.1962,0,-20.86446,7.795247,9.249895,0,179.1962,0
2024-07-09 04:09:58.259,2024-07-09 04:09:58.259,292.8154,29.34055,7.497247,58.9409,0,179.1962,0,-20.86446,7.795247,9.249895,0,179.1962,0
2024-07-09 04:09:58.295,2024-07-09 04:09:58.295,292.779,29.34055,7.497247,58.9409,0,179.1962,0,-20.86446,7.795247,9.249895,0,179.1962,0
2024-07-09 04:09:58.328,2024-07-09 04:09:58.328,292.745,29.34055,7.497247,58.9409,0,179.1962,0,-20.86446,7.795247,9.249895,0,179.1962,0
2024-07-09 04:09:58.364,2024-07-09 04:09:58.364,292.71,29.34055,7.497247,58.9409,0,179.1962,0,-20.86446,7.795247,9.249895,0,179.1962,0
2024-07-09 04:09:58.400,2024-07-09 04:09:58.400,292.6736,29.34055,7.497247,58.9409,0,179.1962,0,-20.86446,7.795247,9.249895,0,179.1962,0
2024-07-09 04:09:58.435,2024-07-09 04:09:58.435,292.6387,29.34055,7.497247,58.9409,0,179.1962,0,-20.86446,7.795247,9.249895,0,179.1962,0
2024-07-09 04:09:58.469,2024-07-09 04:09:58.469,292.6043,29.34055,7.497247,58.9409,0,179.1962,0,-20.86446,7.795247,9.249895,0,179.1962,0
2024-07-09 04:09:58.502,2024-07-09 04:09:58.502,292.5716,29.34055,7.497247,58.9409,0,179.1962,0,-20.86446,7.795247,9.249895,0,179.1962,0
2024-07-09 04:09:58.541,2024-07-09 04:09:58.541,292.5335,29.34055,7.497247,58.9409,0,179.1962,0,-20.86446,7.795247,9.249895,0,179.1962,0
2024-07-09 04:09:58.578,2024-07-09 04:09:58.578,292.4959,29.34055,7.497247,58.9409,0,179.1962,0,-20.86446,7.795247,9.249895,0,179.1962,0
2024-07-09 04:09:58.617,2024-07-09 04:09:58.617,292.4565,29.34055,7.497247,58.9409,0,179.1962,0,-20.86446,7.795247,9.249895,0,179.1962,0
2024-07-09 04:09:58.654,2024-07-09 04:09:58.654,292.4195,29.34055,7.497247,58.9409,0,179.1962,0,-20.86446,7.795247,9.249895,0,179.1962,0
2024-07-09 04:09:58.692,2024-07-09 04:09:58.692,292.3816,29.34055,7.497247,58.9409,0,179.1962,0,-20.86446,7.795247,9.249895,0,179.1962,0
2024-07-09 04:09:58.744,2024-07-09 04:09:58.744,292.33,29.34055,7.497247,58.9409,0,179.1962,0,-20.86446,7.795247,9.249895,0,179.1962,0
2024-07-09 04:09:58.781,2024-07-09 04:09:58.781,292.2938,29.34055,7.497247,58.9409,0,179.1962,0,-20.86446,7.795247,9.249895,0,179.1962,0
2024-07-09 04:09:58.821,2024-07-09 04:09:58.821,292.2527,29.34055,7.497247,58.9409,0,179.1962,0,-20.86446,7.795247,9.249895,0,179.1962,0
