Timestamp,DateTime,Countdown,ValidLeftGaze,ValidRightGaze,XPixels,YPixels,ValidLeftPupil,LeftPupilDiameter,ValidRightPupil,RightPupilDiameter,LeftGazeOriginInTrackBoxCoordinatesX,LeftGazeOriginInTrackBoxCoordinatesY,LeftGazeOriginInTrackBoxCoordinatesZ,LeftGazeOriginInUserCoordinatesX,LeftGazeOriginInUserCoordinatesY,LeftGazeOriginInUserCoordinatesZ,LeftGazePointInUserCoordinatesX,LeftGazePointInUserCoordinatesY,LeftGazePointInUserCoordinatesZ,LeftGazePointOnDisplayAreaX,LeftGazePointOnDisplayAreaY,LeftGazeRayScreenOriginX,LeftGazeRayScreenOriginY,LeftGazeRayScreenOriginZ,LeftGazeRayScreenDirectionX,LeftGazeRayScreenDirectionY,LeftGazeRayScreenDirectionZ,RightGazeOriginInTrackBoxCoordinatesX,RightGazeOriginInTrackBoxCoordinatesY,RightGazeOriginInTrackBoxCoordinatesZ,RightGazeOriginInUserCoordinatesX,RightGazeOriginInUserCoordinatesY,RightGazeOriginInUserCoordinatesZ,RightGazePointInUserCoordinatesX,RightGazePointInUserCoordinatesY,RightGazePointInUserCoordinatesZ,RightGazePointOnDisplayAreaX,RightGazePointOnDisplayAreaY,RightGazeRayScreenOriginX,RightGazeRayScreenOriginY,RightGazeRayScreenOriginZ,RightGazeRayScreenDirectionX,RightGazeRayScreenDirectionY,RightGazeRayScreenDirectionZ,PanelNameLooked
2024-07-08 03:45:43.746,2024-07-08 03:45:43.746,451.8064,False,True,172.1657,785.4529,False,NaN,True,4.297562,NaN,NaN,NaN,NaN,NaN,NaN,NaN,NaN,NaN,NaN,NaN,0,0,0,0,0,0,0.4689036,0.542613,0.1894305,11.4607,-15.9016,494.3268,-137.1427,146.72,46.5647,0.08966962,0.2727288,-284.8527,54.04876,25.65704,-0.631635,0.196788,0.7498745,None
2024-07-08 03:45:43.790,2024-07-08 03:45:43.790,451.7661,False,True,173.347,787.6262,False,NaN,True,4.288605,NaN,NaN,NaN,NaN,NaN,NaN,NaN,NaN,NaN,NaN,NaN,0,0,0,0,0,0,0.468833,0.5427115,0.189697,11.48995,-15.94239,494.4582,-136.9366,147.1158,46.70877,0.09028488,0.2707165,-284.8523,54.04945,25.65704,-0.6308531,0.1985821,0.7500597,None
2024-07-08 03:45:43.832,2024-07-08 03:45:43.832,451.7227,False,True,171.159,786.2946,False,NaN,True,4.277527,NaN,NaN,NaN,NaN,NaN,NaN,NaN,NaN,NaN,NaN,NaN,0,0,0,0,0,0,0.4687751,0.5427351,0.1884435,11.49685,-15.93091,493.8311,-137.3183,146.8733,46.62049,0.08914529,0.2719495,-284.853,54.04903,25.65704,-0.6320457,0.1973342,0.7493846,None
2024-07-08 03:45:43.879,2024-07-08 03:45:43.879,451.68,False,True,147.4212,666.5294,False,NaN,True,4.27446,NaN,NaN,NaN,NaN,NaN,NaN,NaN,NaN,NaN,NaN,NaN,0,0,0,0,0,0,0.4688849,0.5432788,0.1880347,11.45128,-16.12571,493.6213,-141.4583,125.0641,38.68261,0.07678185,0.3828432,-284.8606,54.01061,25.65704,-0.6524478,0.1015972,0.7509925,None
2024-07-08 03:45:43.920,2024-07-08 03:45:43.920,451.6332,False,True,164.1823,552.9617,False,NaN,True,4.268265,NaN,NaN,NaN,NaN,NaN,NaN,NaN,NaN,NaN,NaN,NaN,0,0,0,0,0,0,0.4686329,0.5440691,0.1875662,11.53892,-16.41047,493.3754,-138.535,104.3835,31.1555,0.0855116,0.4879985,-284.8553,53.97419,25.65704,-0.6479951,0.0105511,0.7615715,None
2024-07-08 03:45:44.098,2024-07-08 03:45:44.098,451.4561,False,True,156.3884,546.1435,False,NaN,True,4.267303,NaN,NaN,NaN,NaN,NaN,NaN,NaN,NaN,NaN,NaN,NaN,0,0,0,0,0,0,0.4678194,0.5448667,0.1902801,11.87249,-16.75134,494.7142,-139.8943,103.1419,30.70354,0.08145229,0.4943116,-284.8578,53.972,25.65704,-0.6516808,0.00498188,0.758477,None
2024-07-08 03:45:44.142,2024-07-08 03:45:44.142,451.4135,False,True,166.7995,550.7104,False,NaN,True,4.271698,NaN,NaN,NaN,NaN,NaN,NaN,NaN,NaN,NaN,NaN,NaN,0,0,0,0,0,0,0.4678976,0.5452956,0.1897128,11.83654,-16.90082,494.4261,-138.0786,103.9736,31.00625,0.08687475,0.4900829,-284.8544,53.97346,25.65704,-0.6467637,0.008732975,0.7626404,None
2024-07-08 03:45:44.181,2024-07-08 03:45:44.181,451.3695,False,True,167.5808,541.3021,False,NaN,True,4.284378,NaN,NaN,NaN,NaN,NaN,NaN,NaN,NaN,NaN,NaN,NaN,0,0,0,0,0,0,0.4680729,0.5454687,0.1891539,11.76478,-16.95549,494.1462,-137.9423,102.2603,30.38273,0.08728167,0.4987943,-284.8542,53.97044,25.65704,-0.6464226,0.001058826,0.7629789,None
2024-07-08 03:45:44.230,2024-07-08 03:45:44.230,451.331,False,True,169.1392,541.5272,False,NaN,True,4.301453,NaN,NaN,NaN,NaN,NaN,NaN,NaN,NaN,NaN,NaN,NaN,0,0,0,0,0,0,0.4682183,0.5457026,0.1895651,11.71566,-17.0493,494.3499,-137.6705,102.3013,30.39758,0.08809331,0.4985859,-284.8537,53.97052,25.65704,-0.6456752,0.001246106,0.7636111,None
2024-07-08 03:45:44.276,2024-07-08 03:45:44.276,451.2826,False,True,164.0188,543.2339,False,NaN,True,4.328552,NaN,NaN,NaN,NaN,NaN,NaN,NaN,NaN,NaN,NaN,NaN,0,0,0,0,0,0,0.468332,0.5456432,0.1897936,11.67617,-17.03123,494.4658,-138.5636,102.6121,30.5107,0.08542645,0.4970056,-284.8553,53.97107,25.65704,-0.6481106,0.002631424,0.7615417,None
2024-07-08 03:45:44.323,2024-07-08 03:45:44.323,451.2377,False,True,181.24,584.8532,False,NaN,True,4.346176,NaN,NaN,NaN,NaN,NaN,NaN,NaN,NaN,NaN,NaN,NaN,0,0,0,0,0,0,0.4686002,0.5451825,0.1896387,11.57497,-16.85782,494.3966,-135.56,110.191,33.26921,0.09439584,0.4584693,-284.8498,53.98442,25.65704,-0.6394249,0.03683014,0.7679709,None
2024-07-08 03:45:44.368,2024-07-08 03:45:44.368,451.1889,False,True,180.0522,591.5413,False,NaN,True,4.351425,NaN,NaN,NaN,NaN,NaN,NaN,NaN,NaN,NaN,NaN,NaN,0,0,0,0,0,0,0.4685,0.5451049,0.1903786,11.62084,-16.84159,494.7664,-135.7672,111.4089,33.71249,0.09377716,0.4522766,-284.8502,53.98656,25.65704,-0.6398672,0.0422844,0.7673213,None
2024-07-08 03:45:44.548,2024-07-08 03:45:44.548,451.0089,False,True,150.6786,511.6701,False,NaN,True,4.262161,NaN,NaN,NaN,NaN,NaN,NaN,NaN,NaN,NaN,NaN,NaN,0,0,0,0,0,0,0.4686151,0.5459795,0.1876907,11.54643,-17.1196,493.4135,-140.8902,96.86438,28.41871,0.07847844,0.5262313,-284.8596,53.96094,25.65704,-0.6541694,-0.0228988,0.7560013,None
2024-07-08 03:45:44.594,2024-07-08 03:45:44.594,450.9649,False,True,145.1665,512.4922,False,NaN,True,4.257599,NaN,NaN,NaN,NaN,NaN,NaN,NaN,NaN,NaN,NaN,NaN,0,0,0,0,0,0,0.4683561,0.5461938,0.1887363,11.65461,-17.21706,493.9308,-141.8515,97.01406,28.47321,0.07560758,0.5254701,-284.8614,53.9612,25.65704,-0.6567152,-0.02217115,0.7538127,None
2024-07-08 03:45:44.641,2024-07-08 03:45:44.641,450.9176,False,True,148.1218,522.939,False,NaN,True,4.239624,NaN,NaN,NaN,NaN,NaN,NaN,NaN,NaN,NaN,NaN,NaN,0,0,0,0,0,0,0.4681892,0.5463046,0.1894833,11.7253,-17.27108,494.3011,-141.3361,98.91642,29.16558,0.07714679,0.5157972,-284.8604,53.96455,25.65704,-0.6554636,-0.01377513,0.7551011,None
2024-07-08 03:45:44.679,2024-07-08 03:45:44.679,450.8716,False,True,147.5696,519.1125,False,NaN,True,4.238647,NaN,NaN,NaN,NaN,NaN,NaN,NaN,NaN,NaN,NaN,NaN,0,0,0,0,0,0,0.4682074,0.5463101,0.1900638,11.7254,-17.28326,494.5912,-141.4324,98.21961,28.91197,0.07685918,0.5193402,-284.8606,53.96333,25.65704,-0.6556829,-0.01685731,0.7548482,None
2024-07-08 03:45:44.799,2024-07-08 03:45:44.799,450.7528,False,True,178.2894,573.2388,False,NaN,True,4.249161,NaN,NaN,NaN,NaN,NaN,NaN,NaN,NaN,NaN,NaN,NaN,0,0,0,0,0,0,0.4686588,0.5462154,0.1911973,11.57109,-17.26803,495.1626,-136.0746,108.076,32.49942,0.09285907,0.4692234,-284.8507,53.98069,25.65704,-0.6410584,0.02725724,0.7670079,None
2024-07-08 03:45:44.839,2024-07-08 03:45:44.839,450.7122,False,True,170.581,574.6068,False,NaN,True,4.246048,NaN,NaN,NaN,NaN,NaN,NaN,NaN,NaN,NaN,NaN,NaN,0,0,0,0,0,0,0.46875,0.5459852,0.1907137,11.53164,-17.17416,494.9247,-137.419,108.3251,32.59008,0.08884429,0.4679566,-284.8532,53.98113,25.65704,-0.644738,0.02826515,0.7638809,None
2024-07-08 03:45:44.881,2024-07-08 03:45:44.881,450.6737,False,True,178.5033,569.193,False,NaN,True,4.24855,NaN,NaN,NaN,NaN,NaN,NaN,NaN,NaN,NaN,NaN,NaN,0,0,0,0,0,0,0.469007,0.5457893,0.1891067,11.41772,-17.07377,494.1267,-136.0374,107.3392,32.23126,0.09297046,0.4729694,-284.8507,53.97939,25.65704,-0.6410024,0.02394407,0.7671654,None
2024-07-08 03:45:44.925,2024-07-08 03:45:44.925,450.631,False,True,171.9013,564.8443,False,NaN,True,4.237411,NaN,NaN,NaN,NaN,NaN,NaN,NaN,NaN,NaN,NaN,NaN,0,0,0,0,0,0,0.4693346,0.5454292,0.1883611,11.28776,-16.92766,493.7615,-137.1888,106.5473,31.94302,0.08953194,0.476996,-284.8528,53.978,25.65704,-0.6442363,0.02031028,0.7645568,None
2024-07-08 03:45:44.971,2024-07-08 03:45:44.971,450.5871,False,True,167.9264,559.6552,False,NaN,True,4.219498,NaN,NaN,NaN,NaN,NaN,NaN,NaN,NaN,NaN,NaN,NaN,0,0,0,0,0,0,0.4694443,0.5452401,0.188,11.24309,-16.85146,493.5845,-137.882,105.6024,31.59912,0.08746164,0.4818007,-284.8541,53.97633,25.65704,-0.6461776,0.01603145,0.7630187,None
2024-07-08 03:45:45.017,2024-07-08 03:45:45.017,450.5402,False,True,168.8736,567.9299,False,NaN,True,4.205154,NaN,NaN,NaN,NaN,NaN,NaN,NaN,NaN,NaN,NaN,NaN,0,0,0,0,0,0,0.4693524,0.545409,0.1889828,11.28829,-16.9308,494.0725,-137.7169,107.1092,32.14755,0.08795498,0.474139,-284.8538,53.97898,25.65704,-0.6456442,0.02279259,0.763298,None
2024-07-08 03:45:45.147,2024-07-08 03:45:45.147,450.4088,False,True,178.9903,562.097,False,NaN,True,4.153244,NaN,NaN,NaN,NaN,NaN,NaN,NaN,NaN,NaN,NaN,NaN,0,0,0,0,0,0,0.4689781,0.5457393,0.1876168,11.4112,-17.02956,493.3827,-135.9524,106.047,31.76096,0.09322414,0.4795398,-284.8505,53.97712,25.65704,-0.6408459,0.01813306,0.7674554,None
2024-07-08 03:45:45.189,2024-07-08 03:45:45.189,450.3642,False,True,176.4216,558.7875,False,NaN,True,4.142853,NaN,NaN,NaN,NaN,NaN,NaN,NaN,NaN,NaN,NaN,NaN,0,0,0,0,0,0,0.4685022,0.5456442,0.1871313,11.58178,-16.98585,493.1373,-136.4004,105.4444,31.54162,0.09188626,0.4826041,-284.8513,53.97606,25.65704,-0.6421154,0.01539616,0.7664534,None
2024-07-08 03:45:45.230,2024-07-08 03:45:45.230,450.3225,False,True,181.3055,557.7139,False,NaN,True,4.147324,NaN,NaN,NaN,NaN,NaN,NaN,NaN,NaN,NaN,NaN,NaN,0,0,0,0,0,0,0.4682641,0.5457559,0.187514,11.67441,-17.03371,493.325,-135.5486,105.2489,31.47043,0.09442995,0.4835982,-284.8498,53.97571,25.65704,-0.6397645,0.01455068,0.7684333,None
2024-07-08 03:45:45.272,2024-07-08 03:45:45.272,450.282,False,True,177.2578,557.0703,False,NaN,True,4.124863,NaN,NaN,NaN,NaN,NaN,NaN,NaN,NaN,NaN,NaN,NaN,0,0,0,0,0,0,0.4679481,0.5460547,0.1874574,11.79062,-17.14319,493.2901,-136.2545,105.1317,31.42776,0.09232178,0.4841942,-284.8511,53.9755,25.65704,-0.6417297,0.0139933,0.7668033,None
2024-07-08 03:45:45.396,2024-07-08 03:45:45.396,450.1599,False,True,228.0824,566.2324,False,NaN,True,4.112778,NaN,NaN,NaN,NaN,NaN,NaN,NaN,NaN,NaN,NaN,NaN,0,0,0,0,0,0,0.4677197,0.5467261,0.1871298,11.87103,-17.38577,493.1157,-127.3904,106.8001,32.03503,0.1187929,0.4757107,-284.8348,53.97844,25.65704,-0.6161231,0.02208083,0.7873403,None
2024-07-08 03:45:45.438,2024-07-08 03:45:45.438,450.1161,False,True,225.2647,568.9781,False,NaN,True,4.104996,NaN,NaN,NaN,NaN,NaN,NaN,NaN,NaN,NaN,NaN,NaN,0,0,0,0,0,0,0.4677366,0.5467337,0.1885226,11.88152,-17.41311,493.8115,-127.8818,107.3001,32.21703,0.1173254,0.4731684,-284.8357,53.97932,25.65704,-0.6175622,0.02435668,0.7861449,None
2024-07-08 03:45:45.476,2024-07-08 03:45:45.476,450.0747,False,True,221.5312,571.7445,False,NaN,True,4.09549,NaN,NaN,NaN,NaN,NaN,NaN,NaN,NaN,NaN,NaN,NaN,0,0,0,0,0,0,0.467765,0.546716,0.1890645,11.87748,-17.41611,494.0827,-128.5329,107.8039,32.40039,0.1153808,0.4706069,-284.8369,53.98021,25.65704,-0.6194643,0.02663041,0.784573,None
2024-07-08 03:45:45.518,2024-07-08 03:45:45.518,450.0356,False,True,193.6949,529.8174,False,NaN,True,4.096054,NaN,NaN,NaN,NaN,NaN,NaN,NaN,NaN,NaN,NaN,NaN,0,0,0,0,0,0,0.4680654,0.5469136,0.1904598,11.78264,-17.51408,494.7798,-133.3878,100.169,29.62151,0.1008827,0.5094283,-284.8458,53.96676,25.65704,-0.6337386,-0.008421757,0.7735014,None
2024-07-08 03:45:45.643,2024-07-08 03:45:45.643,449.9131,False,True,172.3362,556.0154,False,NaN,True,4.084045,NaN,NaN,NaN,NaN,NaN,NaN,NaN,NaN,NaN,NaN,NaN,0,0,0,0,0,0,0.4681728,0.5464248,0.1930425,11.77354,-17.37793,496.0773,-137.1129,104.9396,31.35787,0.08975843,0.4851709,-284.8527,53.97516,25.65704,-0.6440954,0.01309372,0.7648332,None
2024-07-08 03:45:45.686,2024-07-08 03:45:45.686,449.8695,False,True,164.5977,554.2051,False,NaN,True,4.084778,NaN,NaN,NaN,NaN,NaN,NaN,NaN,NaN,NaN,NaN,NaN,0,0,0,0,0,0,0.4679903,0.5462261,0.1924954,11.83501,-17.29439,495.805,-138.4626,104.61,31.2379,0.08572798,0.4868471,-284.8551,53.97459,25.65704,-0.6477853,0.01157029,0.761735,None
2024-07-08 03:45:45.732,2024-07-08 03:45:45.732,449.8276,False,True,166.4291,556.1486,False,NaN,True,4.091202,NaN,NaN,NaN,NaN,NaN,NaN,NaN,NaN,NaN,NaN,NaN,0,0,0,0,0,0,0.4678133,0.5461194,0.1923799,11.89952,-17.25265,495.7472,-138.1432,104.9639,31.3667,0.08668181,0.4850476,-284.8546,53.97521,25.65704,-0.646908,0.01316358,0.7624545,None
2024-07-08 03:45:45.773,2024-07-08 03:45:45.773,449.7806,False,True,167.1367,553.3647,False,NaN,True,4.108521,NaN,NaN,NaN,NaN,NaN,NaN,NaN,NaN,NaN,NaN,NaN,0,0,0,0,0,0,0.467513,0.5461359,0.1919858,12.0065,-17.25186,495.5474,-138.0198,104.4569,31.1822,0.08705039,0.4876253,-284.8543,53.97432,25.65704,-0.6466016,0.01089909,0.76275,None
2024-07-08 03:45:45.818,2024-07-08 03:45:45.818,449.7384,False,True,176.3431,557.4794,False,NaN,True,4.122681,NaN,NaN,NaN,NaN,NaN,NaN,NaN,NaN,NaN,NaN,NaN,0,0,0,0,0,0,0.4672797,0.5462238,0.1920761,12.09434,-17.28601,495.5892,-136.4141,105.2062,31.45494,0.09184536,0.4838153,-284.8514,53.97564,25.65704,-0.6421661,0.0143257,0.7664317,None
2024-07-08 03:45:45.942,2024-07-08 03:45:45.942,449.6104,False,True,176.8331,554.4871,False,NaN,True,4.163315,NaN,NaN,NaN,NaN,NaN,NaN,NaN,NaN,NaN,NaN,NaN,0,0,0,0,0,0,0.4665504,0.5463609,0.192725,12.37364,-17.34808,495.9049,-136.3287,104.6613,31.25658,0.09210058,0.486586,-284.8512,53.97467,25.65704,-0.6419537,0.01187303,0.7666515,None
2024-07-08 03:45:45.982,2024-07-08 03:45:45.982,449.5706,False,True,173.4666,555.7067,False,NaN,True,4.169922,NaN,NaN,NaN,NaN,NaN,NaN,NaN,NaN,NaN,NaN,NaN,0,0,0,0,0,0,0.4664873,0.5462512,0.1918132,12.38574,-17.29139,495.4503,-136.9158,104.8834,31.33743,0.09034721,0.4854568,-284.8523,53.97507,25.65704,-0.6435638,0.0128504,0.7652846,None
2024-07-08 03:45:46.022,2024-07-08 03:45:46.022,449.5307,False,True,178.4198,560.5905,False,NaN,True,4.176559,NaN,NaN,NaN,NaN,NaN,NaN,NaN,NaN,NaN,NaN,NaN,0,0,0,0,0,0,0.4665433,0.5462885,0.1910216,12.35505,-17.29144,495.0549,-136.0519,105.7727,31.66108,0.09292698,0.4809348,-284.8507,53.97663,25.65704,-0.6411365,0.01689299,0.7672409,None
2024-07-08 03:45:46.192,2024-07-08 03:45:46.192,449.3602,False,True,162.9219,774.3694,False,NaN,True,4.194229,NaN,NaN,NaN,NaN,NaN,NaN,NaN,NaN,NaN,NaN,NaN,0,0,0,0,0,0,0.4674007,0.5455792,0.1921271,12.05014,-17.04732,495.6241,-138.7549,144.7018,45.83009,0.08485515,0.2829913,-284.8557,54.0452,25.65704,-0.6371397,0.1873416,0.7476336,None
2024-07-08 03:45:46.236,2024-07-08 03:45:46.236,449.32,False,True,161.6207,768.8633,False,NaN,True,4.183197,NaN,NaN,NaN,NaN,NaN,NaN,NaN,NaN,NaN,NaN,NaN,0,0,0,0,0,0,0.4673945,0.5456213,0.1919421,12.05021,-17.0598,495.5311,-138.9818,143.6991,45.46513,0.08417747,0.2880896,-284.8561,54.04343,25.65704,-0.638283,0.1829649,0.7477424,None
2024-07-08 03:45:46.280,2024-07-08 03:45:46.280,449.276,False,True,168.5677,771.9182,False,NaN,True,4.16716,NaN,NaN,NaN,NaN,NaN,NaN,NaN,NaN,NaN,NaN,NaN,0,0,0,0,0,0,0.467268,0.5455149,0.1917498,12.09492,-17.0169,495.4352,-137.7702,144.2554,45.66765,0.08779567,0.285261,-284.8539,54.04442,25.65704,-0.6346778,0.1859874,0.7500618,None
2024-07-08 03:45:46.321,2024-07-08 03:45:46.321,449.2326,False,True,160.8262,775.1479,False,NaN,True,4.147476,NaN,NaN,NaN,NaN,NaN,NaN,NaN,NaN,NaN,NaN,NaN,0,0,0,0,0,0,0.4672052,0.5452263,0.1921352,12.12308,-16.91623,495.6308,-139.1204,144.8435,45.88172,0.08376364,0.2822705,-284.8564,54.04545,25.65704,-0.6380672,0.1877393,0.7467424,None
2024-07-08 03:45:46.366,2024-07-08 03:45:46.366,449.1918,False,True,164.1228,777.8825,False,NaN,True,4.129547,NaN,NaN,NaN,NaN,NaN,NaN,NaN,NaN,NaN,NaN,NaN,0,0,0,0,0,0,0.4672359,0.5450535,0.1924088,12.11506,-16.85662,495.77,-138.5454,145.3415,46.06297,0.08548061,0.2797384,-284.8553,54.04633,25.65704,-0.6362329,0.1901633,0.7476935,None
2024-07-08 03:45:46.692,2024-07-08 03:45:46.692,448.866,False,True,150.7094,815.2411,False,NaN,True,4.011093,NaN,NaN,NaN,NaN,NaN,NaN,NaN,NaN,NaN,NaN,NaN,0,0,0,0,0,0,0.4682357,0.5447353,0.1914819,11.73217,-16.72293,495.3199,-140.8848,152.1445,48.53901,0.0784945,0.2451471,-284.8596,54.05831,25.65704,-0.6387035,0.2172244,0.7381541,None
2024-07-08 03:45:46.737,2024-07-08 03:45:46.737,448.8198,False,True,138.997,815.6902,False,NaN,True,3.990723,NaN,NaN,NaN,NaN,NaN,NaN,NaN,NaN,NaN,NaN,NaN,0,0,0,0,0,0,0.4683834,0.5447327,0.1916179,11.67885,-16.72432,495.3891,-142.9275,152.2262,48.5688,0.07239428,0.2447313,-284.8633,54.05846,25.65704,-0.6440743,0.2162815,0.7337511,None
2024-07-08 03:45:46.781,2024-07-08 03:45:46.781,448.7747,False,True,141.3516,816.2667,False,NaN,True,3.998291,NaN,NaN,NaN,NaN,NaN,NaN,NaN,NaN,NaN,NaN,NaN,0,0,0,0,0,0,0.4684844,0.5446828,0.1910831,11.63505,-16.69682,495.1235,-142.5169,152.3312,48.60703,0.07362065,0.2441975,-284.8626,54.05864,25.65704,-0.642935,0.2169648,0.734548,None
2024-07-08 03:45:46.823,2024-07-08 03:45:46.823,448.7304,False,True,144.0623,817.8723,False,NaN,True,4.012222,NaN,NaN,NaN,NaN,NaN,NaN,NaN,NaN,NaN,NaN,NaN,0,0,0,0,0,0,0.4685001,0.5445631,0.1914084,11.63304,-16.65783,495.2877,-142.0441,152.6236,48.71341,0.07503244,0.2427108,-284.8617,54.05915,25.65704,-0.6415065,0.2184645,0.7353521,None
2024-07-08 03:45:46.866,2024-07-08 03:45:46.866,448.6888,False,True,142.8337,822.0131,False,NaN,True,4.008942,NaN,NaN,NaN,NaN,NaN,NaN,NaN,NaN,NaN,NaN,NaN,0,0,0,0,0,0,0.468369,0.5443654,0.1920386,11.68927,-16.59489,495.6038,-142.2584,153.3776,48.98787,0.07439253,0.2388768,-284.8621,54.06049,25.65704,-0.6416153,0.221428,0.7343701,None
2024-07-08 03:45:46.913,2024-07-08 03:45:46.913,448.6468,False,True,180.9722,813.5988,False,NaN,True,4.007477,NaN,NaN,NaN,NaN,NaN,NaN,NaN,NaN,NaN,NaN,NaN,0,0,0,0,0,0,0.467952,0.5443183,0.190097,11.82122,-16.54482,494.6307,-135.6067,151.8454,48.43019,0.09425636,0.2466678,-284.8499,54.05779,25.65704,-0.624419,0.2192987,0.7496726,None
2024-07-08 03:45:47.087,2024-07-08 03:45:47.087,448.4639,False,True,201.6153,804.5508,False,NaN,True,4.02887,NaN,NaN,NaN,NaN,NaN,NaN,NaN,NaN,NaN,NaN,NaN,0,0,0,0,0,0,0.4669486,0.5446501,0.1846804,12.12689,-16.57643,491.9116,-132.0064,150.1978,47.83051,0.105008,0.2550455,-284.8433,54.05488,25.65704,-0.6151522,0.214584,0.7586444,None
2024-07-08 03:45:47.133,2024-07-08 03:45:47.133,448.424,False,True,200.0116,805.8749,False,NaN,True,4.035828,NaN,NaN,NaN,NaN,NaN,NaN,NaN,NaN,NaN,NaN,NaN,0,0,0,0,0,0,0.4668106,0.5446533,0.1833882,12.16188,-16.55582,491.2648,-132.2861,150.4389,47.91827,0.1041727,0.2538196,-284.8438,54.05531,25.65704,-0.6158165,0.2154331,0.7578645,None
2024-07-08 03:45:47.175,2024-07-08 03:45:47.175,448.3789,False,True,197.9903,801.5984,False,NaN,True,4.051102,NaN,NaN,NaN,NaN,NaN,NaN,NaN,NaN,NaN,NaN,NaN,0,0,0,0,0,0,0.4667471,0.5446563,0.1825209,12.17452,-16.54227,490.8309,-132.6387,149.6601,47.6348,0.10312,0.2577793,-284.8444,54.05394,25.65704,-0.6172903,0.2119119,0.7576582,None
2024-07-08 03:45:47.224,2024-07-08 03:45:47.224,448.3366,False,True,195.0973,795.9611,False,NaN,True,4.070114,NaN,NaN,NaN,NaN,NaN,NaN,NaN,NaN,NaN,NaN,NaN,0,0,0,0,0,0,0.4667653,0.5446353,0.1814224,12.15421,-16.51608,490.2826,-133.1432,148.6336,47.26113,0.1016132,0.262999,-284.8453,54.05213,25.65704,-0.6193241,0.2072443,0.7572895,None
2024-07-08 03:45:47.265,2024-07-08 03:45:47.265,448.2882,False,True,178.915,795.0627,False,NaN,True,4.105255,NaN,NaN,NaN,NaN,NaN,NaN,NaN,NaN,NaN,NaN,NaN,0,0,0,0,0,0,0.4667987,0.5447897,0.1823726,12.15362,-16.5889,490.7556,-135.9655,148.47,47.20165,0.09318488,0.2638308,-284.8506,54.05184,25.65704,-0.6273966,0.2048737,0.7512658,None
2024-07-08 03:45:47.391,2024-07-08 03:45:47.391,448.1587,False,True,175.1533,791.2802,False,NaN,True,4.149063,NaN,NaN,NaN,NaN,NaN,NaN,NaN,NaN,NaN,NaN,NaN,0,0,0,0,0,0,0.4672375,0.5447651,0.1831823,12.00192,-16.59363,491.1644,-136.6216,147.7812,46.95095,0.09122567,0.2673331,-284.8517,54.05062,25.65704,-0.6296145,0.201577,0.7503015,None
2024-07-08 03:45:47.531,2024-07-08 03:45:47.531,448.0631,False,True,181.7972,803.4397,False,NaN,True,4.147324,NaN,NaN,NaN,NaN,NaN,NaN,NaN,NaN,NaN,NaN,NaN,0,0,0,0,0,0,0.4667366,0.5449222,0.1827979,12.18172,-16.64489,490.9659,-135.4629,149.9954,47.75683,0.09468602,0.2560743,-284.8496,54.05453,25.65704,-0.6251116,0.2116133,0.7513025,None
2024-07-08 03:45:47.588,2024-07-08 03:45:47.588,447.984,False,True,183.5126,799.395,False,NaN,True,4.124451,NaN,NaN,NaN,NaN,NaN,NaN,NaN,NaN,NaN,NaN,NaN,0,0,0,0,0,0,0.4665139,0.5448591,0.1821117,12.25525,-16.60996,490.6218,-135.1637,149.2589,47.48878,0.09557946,0.2598195,-284.8491,54.05323,25.65704,-0.6246992,0.2086851,0.7524636,None
2024-07-08 03:45:47.634,2024-07-08 03:45:47.634,447.9248,False,True,180.2101,795.9662,False,NaN,True,4.113632,NaN,NaN,NaN,NaN,NaN,NaN,NaN,NaN,NaN,NaN,NaN,0,0,0,0,0,0,0.4663102,0.5449344,0.1819867,12.32866,-16.6355,490.5565,-135.7397,148.6345,47.26149,0.09385945,0.2629942,-284.8501,54.05213,25.65704,-0.6266764,0.205704,0.7516399,None
2024-07-08 03:45:47.675,2024-07-08 03:45:47.675,447.8773,False,True,182.8997,799.6569,False,NaN,True,4.107788,NaN,NaN,NaN,NaN,NaN,NaN,NaN,NaN,NaN,NaN,NaN,0,0,0,0,0,0,0.4661924,0.5449907,0.1817026,12.36845,-16.65134,490.4129,-135.2706,149.3066,47.50612,0.09526026,0.2595769,-284.8493,54.05331,25.65704,-0.6249653,0.2088255,0.7522036,None
2024-07-08 03:45:47.720,2024-07-08 03:45:47.720,447.8369,False,True,178.6082,800.6867,False,NaN,True,4.09549,NaN,NaN,NaN,NaN,NaN,NaN,NaN,NaN,NaN,NaN,NaN,0,0,0,0,0,0,0.4661356,0.544956,0.1811493,12.38235,-16.62918,490.1363,-136.019,149.4941,47.5744,0.09302511,0.2586234,-284.8506,54.05364,25.65704,-0.6269629,0.2091619,0.7504458,None
2024-07-08 03:45:47.842,2024-07-08 03:45:47.842,447.7117,False,True,1057.975,681.3423,False,NaN,True,4.088028,NaN,NaN,NaN,NaN,NaN,NaN,NaN,NaN,NaN,NaN,NaN,0,0,0,0,0,0,0.4611776,0.5452812,0.1872711,14.29434,-16.85157,493.1407,17.34912,127.7615,39.6644,0.5510284,0.3691275,-284.5686,54.01536,25.65704,0.1030056,0.1486237,0.9835145,None
2024-07-08 03:45:47.886,2024-07-08 03:45:47.886,447.6694,False,True,1046.982,689.3107,False,NaN,True,4.074417,NaN,NaN,NaN,NaN,NaN,NaN,NaN,NaN,NaN,NaN,NaN,0,0,0,0,0,0,0.4608446,0.5454553,0.1901612,14.45973,-16.96534,494.5785,15.43184,129.2126,40.19252,0.5453029,0.3617494,-284.5721,54.01792,25.65704,0.0914345,0.1569806,0.9833599,None
2024-07-08 03:45:47.926,2024-07-08 03:45:47.926,447.6266,False,True,1046.85,695.5497,False,NaN,True,4.078171,NaN,NaN,NaN,NaN,NaN,NaN,NaN,NaN,NaN,NaN,NaN,0,0,0,0,0,0,0.4607491,0.5456445,0.191426,14.51362,-17.05725,495.2068,15.4089,130.3487,40.60605,0.5452344,0.3559725,-284.5721,54.01992,25.65704,0.09122077,0.1633678,0.9823389,None
2024-07-08 03:45:48.074,2024-07-08 03:45:48.074,447.5861,False,True,1044.387,699.8167,False,NaN,True,4.104767,NaN,NaN,NaN,NaN,NaN,NaN,NaN,NaN,NaN,NaN,NaN,0,0,0,0,0,0,0.4607263,0.5458442,0.1966486,14.59849,-17.22168,497.8126,14.97938,131.1257,40.88887,0.5439517,0.3520216,-284.5729,54.02129,25.65704,0.08856749,0.1677645,0.9818406,None
2024-07-08 03:45:48.137,2024-07-08 03:45:48.137,447.4416,False,True,1042.235,704.7068,False,NaN,True,4.10936,NaN,NaN,NaN,NaN,NaN,NaN,NaN,NaN,NaN,NaN,NaN,0,0,0,0,0,0,0.4606637,0.5459092,0.197376,14.63251,-17.25852,498.1744,14.60395,132.0162,41.21296,0.5428306,0.3474936,-284.5736,54.02286,25.65704,0.08626069,0.1727861,0.9811748,None
2024-07-08 03:45:48.186,2024-07-08 03:45:48.186,447.3747,False,True,1043.945,709.697,False,NaN,True,4.125366,NaN,NaN,NaN,NaN,NaN,NaN,NaN,NaN,NaN,NaN,NaN,0,0,0,0,0,0,0.4606071,0.5461122,0.1987162,14.67329,-17.35764,498.8406,14.90229,132.9249,41.54373,0.5437214,0.3428732,-284.5731,54.02446,25.65704,0.08796365,0.1778277,0.9801223,None
2024-07-08 03:45:48.229,2024-07-08 03:45:48.229,447.3266,False,True,576.9595,987.2347,False,NaN,True,4.151642,NaN,NaN,NaN,NaN,NaN,NaN,NaN,NaN,NaN,NaN,NaN,0,0,0,0,0,0,0.4638102,0.544549,0.1983778,13.47026,-16.76819,498.7253,-66.54356,183.4644,59.93855,0.3004998,0.08589384,-284.7229,54.11348,25.65704,-0.3465816,0.4046528,0.846249,None
2024-07-08 03:45:48.271,2024-07-08 03:45:48.271,447.2834,False,True,534.8958,1015.737,False,NaN,True,4.170349,NaN,NaN,NaN,NaN,NaN,NaN,NaN,NaN,NaN,NaN,NaN,0,0,0,0,0,0,0.4638693,0.5446188,0.1985662,13.45065,-16.79748,498.8192,-73.8798,188.6547,61.82766,0.2785915,0.05950263,-284.7364,54.12262,25.65704,-0.3754702,0.420196,0.8261099,None
2024-07-08 03:45:48.312,2024-07-08 03:45:48.312,447.2412,False,True,538.9058,1012.243,False,NaN,True,4.153076,NaN,NaN,NaN,NaN,NaN,NaN,NaN,NaN,NaN,NaN,NaN,0,0,0,0,0,0,0.4639433,0.544589,0.1972283,13.40501,-16.76387,498.1519,-73.18044,188.0184,61.59606,0.2806801,0.06273813,-284.7351,54.1215,25.65704,-0.3729151,0.4182016,0.8282764,None
2024-07-08 03:45:48.444,2024-07-08 03:45:48.444,447.1122,False,True,537.371,1010.603,False,NaN,True,4.133728,NaN,NaN,NaN,NaN,NaN,NaN,NaN,NaN,NaN,NaN,NaN,0,0,0,0,0,0,0.4642512,0.5445006,0.1960948,13.27484,-16.71191,497.5899,-73.44811,187.7197,61.48736,0.2798807,0.06425693,-284.7356,54.12097,25.65704,-0.3743173,0.4167884,0.8283563,None
2024-07-08 03:45:48.483,2024-07-08 03:45:48.483,447.0683,False,True,477.802,1006.791,False,NaN,True,4.102066,NaN,NaN,NaN,NaN,NaN,NaN,NaN,NaN,NaN,NaN,NaN,0,0,0,0,0,0,0.4647246,0.5446844,0.1961893,13.09923,-16.78227,497.6395,-83.83739,187.0257,61.23476,0.2488552,0.0677857,-284.7547,54.11975,25.65704,-0.4188864,0.4054872,0.8124742,None
2024-07-08 03:45:48.529,2024-07-08 03:45:48.529,447.0284,False,True,465.1123,1006.141,False,NaN,True,4.054062,NaN,NaN,NaN,NaN,NaN,NaN,NaN,NaN,NaN,NaN,NaN,0,0,0,0,0,0,0.4645475,0.5448266,0.1968188,13.17363,-16.84593,497.9504,-86.05057,186.9073,61.19165,0.242246,0.06838762,-284.7587,54.11954,25.65704,-0.4279988,0.4031354,0.8088874,None
2024-07-08 03:45:48.571,2024-07-08 03:45:48.571,446.9838,False,True,467.5023,1008.799,False,NaN,True,4.039124,NaN,NaN,NaN,NaN,NaN,NaN,NaN,NaN,NaN,NaN,NaN,0,0,0,0,0,0,0.4644361,0.5448735,0.197588,13.22542,-16.87642,498.333,-85.63375,187.3912,61.36781,0.2434908,0.06592698,-284.758,54.1204,25.65704,-0.4259059,0.4054141,0.8088533,None
2024-07-08 03:45:48.612,2024-07-08 03:45:48.612,446.9402,False,True,470.9695,998.9055,False,NaN,True,3.990021,NaN,NaN,NaN,NaN,NaN,NaN,NaN,NaN,NaN,NaN,NaN,0,0,0,0,0,0,0.4643191,0.5448578,0.197577,13.26907,-16.8703,498.3265,-85.02903,185.5896,60.71211,0.2452966,0.0750875,-284.7569,54.11722,25.65704,-0.4249207,0.3987387,0.8126807,None
2024-07-08 03:45:48.834,2024-07-08 03:45:48.834,446.7177,False,True,176.4044,852.6801,False,NaN,True,3.928848,NaN,NaN,NaN,NaN,NaN,NaN,NaN,NaN,NaN,NaN,NaN,0,0,0,0,0,0,0.4653775,0.5458781,0.1930627,12.81464,-17.17395,496.0688,-136.4034,158.9621,51.02043,0.09187729,0.2104814,-284.8513,54.07032,25.65704,-0.6221043,0.2482345,0.7425402,None
2024-07-08 03:45:48.874,2024-07-08 03:45:48.874,446.6782,False,True,181.821,849.3448,False,NaN,True,3.928345,NaN,NaN,NaN,NaN,NaN,NaN,NaN,NaN,NaN,NaN,NaN,0,0,0,0,0,0,0.4653054,0.5459087,0.1919297,12.82685,-17.16574,495.5017,-135.4587,158.3547,50.79942,0.09469841,0.2135696,-284.8496,54.06925,25.65704,-0.6198612,0.2464091,0.7450199,None
2024-07-08 03:45:48.912,2024-07-08 03:45:48.912,446.6384,False,True,187.6955,845.3496,False,NaN,True,3.93338,NaN,NaN,NaN,NaN,NaN,NaN,NaN,NaN,NaN,NaN,NaN,0,0,0,0,0,0,0.4653282,0.5460411,0.1902131,12.79613,-17.18514,494.6427,-134.4341,157.6272,50.53458,0.09775808,0.2172689,-284.8477,54.06797,25.65704,-0.6174492,0.2441238,0.74777,None
2024-07-08 03:45:48.988,2024-07-08 03:45:48.988,446.5626,False,True,178.2134,819.0984,False,NaN,True,3.933777,NaN,NaN,NaN,NaN,NaN,NaN,NaN,NaN,NaN,NaN,NaN,0,0,0,0,0,0,0.4656749,0.5463277,0.1892236,12.65468,-17.27431,494.148,-136.0879,152.8469,48.79468,0.0928195,0.2415755,-284.8508,54.05955,25.65704,-0.6251487,0.2231791,0.7479172,None
2024-07-08 03:45:49.029,2024-07-08 03:45:49.029,446.5239,False,True,187.0191,809.004,False,NaN,True,3.931351,NaN,NaN,NaN,NaN,NaN,NaN,NaN,NaN,NaN,NaN,NaN,0,0,0,0,0,0,0.4656879,0.5463998,0.1866389,12.61678,-17.25582,492.8561,-134.5521,151.0087,48.12566,0.09740577,0.2509222,-284.8479,54.05631,25.65704,-0.6219473,0.2164433,0.7525516,None
2024-07-08 03:45:49.070,2024-07-08 03:45:49.070,446.4826,False,True,179.5474,807.6227,False,NaN,True,3.932312,NaN,NaN,NaN,NaN,NaN,NaN,NaN,NaN,NaN,NaN,NaN,0,0,0,0,0,0,0.4656494,0.5463762,0.1852535,12.61331,-17.22285,492.164,-135.8552,150.7571,48.03412,0.09351429,0.2522012,-284.8503,54.05587,25.65704,-0.625766,0.2145754,0.7499162,None
2024-07-08 03:45:49.287,2024-07-08 03:45:49.287,446.2676,False,True,486.5004,963.9479,False,NaN,True,3.97908,NaN,NaN,NaN,NaN,NaN,NaN,NaN,NaN,NaN,NaN,NaN,0,0,0,0,0,0,0.4638638,0.5455168,0.1860485,13.28376,-16.91869,492.5548,-82.32031,179.2239,58.39517,0.2533856,0.1074556,-284.7519,54.10601,25.65704,-0.4187326,0.3749038,0.8271095,None
2024-07-08 03:45:49.324,2024-07-08 03:45:49.324,446.2255,False,True,479.1178,965.6562,False,NaN,True,3.962097,NaN,NaN,NaN,NaN,NaN,NaN,NaN,NaN,NaN,NaN,NaN,0,0,0,0,0,0,0.4637128,0.5455385,0.1859775,13.33861,-16.92544,492.5175,-83.6079,179.535,58.50838,0.2495405,0.1058739,-284.7542,54.10656,25.65704,-0.4238427,0.3751757,0.8243788,None
2024-07-08 03:45:49.365,2024-07-08 03:45:49.365,446.188,False,True,481.6776,963.2303,False,NaN,True,3.960907,NaN,NaN,NaN,NaN,NaN,NaN,NaN,NaN,NaN,NaN,NaN,0,0,0,0,0,0,0.4635491,0.5454814,0.1860314,13.39987,-16.90519,492.5435,-83.16145,179.0932,58.3476,0.2508737,0.1081201,-284.7534,54.10578,25.65704,-0.4223413,0.3736906,0.8258227,None
2024-07-08 03:45:49.439,2024-07-08 03:45:49.439,446.1098,False,True,487.5385,961.5145,False,NaN,True,3.93428,NaN,NaN,NaN,NaN,NaN,NaN,NaN,NaN,NaN,NaN,NaN,0,0,0,0,0,0,0.463566,0.5454401,0.1850857,13.38081,-16.87376,492.0718,-82.13927,178.7808,58.23385,0.2539263,0.1097088,-284.7516,54.10523,25.65704,-0.4183004,0.373198,0.828099,None
2024-07-08 03:45:49.478,2024-07-08 03:45:49.478,446.0725,False,True,484.6443,959.8745,False,NaN,True,3.929581,NaN,NaN,NaN,NaN,NaN,NaN,NaN,NaN,NaN,NaN,NaN,0,0,0,0,0,0,0.4636236,0.545482,0.1846603,13.35373,-16.88196,491.8594,-82.64403,178.4821,58.12516,0.2524189,0.1112273,-284.7525,54.1047,25.65704,-0.4206494,0.3715445,0.8276526,None
2024-07-08 03:45:49.515,2024-07-08 03:45:49.515,446.0341,False,True,792.1357,821.8099,False,NaN,True,3.91629,NaN,NaN,NaN,NaN,NaN,NaN,NaN,NaN,NaN,NaN,NaN,0,0,0,0,0,0,0.4623344,0.5461856,0.185148,13.83616,-17.14953,492.0809,-29.0152,153.3406,48.97442,0.4125707,0.2390649,-284.6538,54.06042,25.65704,-0.1693662,0.2843217,0.9436505,None
2024-07-08 03:45:49.634,2024-07-08 03:45:49.634,445.9191,False,True,1113.906,690.7367,False,NaN,True,3.961914,NaN,NaN,NaN,NaN,NaN,NaN,NaN,NaN,NaN,NaN,NaN,0,0,0,0,0,0,0.4601014,0.5469739,0.1930852,14.77843,-17.58018,496.0112,27.10399,129.4723,40.287,0.5801594,0.360429,-284.5506,54.01838,25.65704,0.1603485,0.1570509,0.9744863,None
2024-07-08 03:45:49.675,2024-07-08 03:45:49.675,445.8773,False,True,1112.84,694.5257,False,NaN,True,3.976532,NaN,NaN,NaN,NaN,NaN,NaN,NaN,NaN,NaN,NaN,NaN,0,0,0,0,0,0,0.4600251,0.5469484,0.1952538,14.83914,-17.60899,497.0938,26.91813,130.1622,40.53816,0.5796044,0.3569206,-284.551,54.01959,25.65704,0.1591759,0.1609261,0.9740461,None
2024-07-08 03:45:49.718,2024-07-08 03:45:49.718,445.8373,False,True,1312.469,683.6366,False,NaN,True,4.001328,NaN,NaN,NaN,NaN,NaN,NaN,NaN,NaN,NaN,NaN,NaN,0,0,0,0,0,0,0.4590814,0.546881,0.1977956,15.22996,-17.6284,498.3536,61.73479,128.1793,39.81647,0.6835774,0.3670032,-284.4869,54.0161,25.65704,0.3490603,0.1422445,0.9262416,None
2024-07-08 03:45:49.761,2024-07-08 03:45:49.761,445.7929,False,True,1314.91,679.3332,False,NaN,True,4.016647,NaN,NaN,NaN,NaN,NaN,NaN,NaN,NaN,NaN,NaN,NaN,0,0,0,0,0,0,0.4586985,0.5469985,0.1990344,15.39213,-17.6941,498.9664,62.16051,127.3957,39.53122,0.6848488,0.3709878,-284.4862,54.01472,25.65704,0.3513787,0.1379494,0.9260146,None
2024-07-08 03:45:50.135,2024-07-08 03:45:50.135,445.4236,False,True,1255.599,703.0102,False,NaN,True,4.103897,NaN,NaN,NaN,NaN,NaN,NaN,NaN,NaN,NaN,NaN,NaN,0,0,0,0,0,0,0.4580365,0.5465327,0.1997216,15.65092,-17.53156,499.308,51.81639,131.7073,41.10049,0.6539581,0.3490646,-284.5052,54.02231,25.65704,0.2972682,0.1639355,0.9406151,None
2024-07-08 03:45:50.176,2024-07-08 03:45:50.176,445.3776,False,True,1266.705,700.522,False,NaN,True,4.121384,NaN,NaN,NaN,NaN,NaN,NaN,NaN,NaN,NaN,NaN,NaN,0,0,0,0,0,0,0.4579217,0.5466734,0.1994254,15.68922,-17.57899,499.1569,53.75331,131.2542,40.93558,0.6597423,0.3513685,-284.5016,54.02151,25.65704,0.3075213,0.160953,0.9378298,None
2024-07-08 03:45:50.218,2024-07-08 03:45:50.218,445.3359,False,True,1263.412,704.2291,False,NaN,True,4.133255,NaN,NaN,NaN,NaN,NaN,NaN,NaN,NaN,NaN,NaN,NaN,0,0,0,0,0,0,0.4577936,0.5467609,0.1995958,15.73983,-17.61469,499.2393,53.17891,131.9292,41.1813,0.6580269,0.347936,-284.5027,54.02271,25.65704,0.3043521,0.1647398,0.938206,None
2024-07-08 03:45:50.263,2024-07-08 03:45:50.263,445.2937,False,True,1259.573,706.8556,False,NaN,True,4.1521,NaN,NaN,NaN,NaN,NaN,NaN,NaN,NaN,NaN,NaN,NaN,0,0,0,0,0,0,0.4576906,0.5467536,0.1994625,15.77631,-17.60958,499.1716,52.5094,132.4075,41.35536,0.6560277,0.3455041,-284.5039,54.02355,25.65704,0.3007075,0.1674962,0.938893,None
2024-07-08 03:45:50.382,2024-07-08 03:45:50.382,445.169,False,True,1119.875,689.1748,False,NaN,True,4.213989,NaN,NaN,NaN,NaN,NaN,NaN,NaN,NaN,NaN,NaN,NaN,0,0,0,0,0,0,0.4590357,0.546796,0.2008929,15.2944,-17.65125,499.9012,28.14493,129.1879,40.1835,0.583268,0.3618752,-284.5487,54.01788,25.65704,0.1664373,0.1553045,0.973745,None
2024-07-08 03:45:50.423,2024-07-08 03:45:50.423,445.1295,False,True,1125.463,697.8973,False,NaN,True,4.22995,NaN,NaN,NaN,NaN,NaN,NaN,NaN,NaN,NaN,NaN,NaN,0,0,0,0,0,0,0.4590919,0.5469114,0.2012228,15.27831,-17.70033,500.065,29.11963,130.7762,40.76161,0.5861787,0.3537988,-284.5469,54.02067,25.65704,0.1718438,0.1639836,0.9713799,None
2024-07-08 03:45:50.461,2024-07-08 03:45:50.461,445.0884,False,True,1120.075,695.6829,False,NaN,True,4.229263,NaN,NaN,NaN,NaN,NaN,NaN,NaN,NaN,NaN,NaN,NaN,0,0,0,0,0,0,0.459036,0.5469781,0.1998884,15.27885,-17.7017,499.397,28.17996,130.373,40.61485,0.5833727,0.3558492,-284.5487,54.01996,25.65704,0.1664606,0.1619003,0.972666,None
2024-07-08 03:45:50.535,2024-07-08 03:45:50.535,445.0137,False,True,1127.175,696.7218,False,NaN,True,4.192535,NaN,NaN,NaN,NaN,NaN,NaN,NaN,NaN,NaN,NaN,NaN,0,0,0,0,0,0,0.4590696,0.5469696,0.1998142,15.26515,-17.69724,499.3605,29.41824,130.5622,40.68369,0.5870704,0.3548872,-284.5464,54.0203,25.65704,0.173602,0.1627508,0.9712747,None
2024-07-08 03:45:50.577,2024-07-08 03:45:50.577,444.9769,False,True,1130.207,691.0487,False,NaN,True,4.153778,NaN,NaN,NaN,NaN,NaN,NaN,NaN,NaN,NaN,NaN,NaN,0,0,0,0,0,0,0.4590963,0.5470347,0.1987823,15.23938,-17.70333,498.8445,29.94699,129.5291,40.30772,0.5886495,0.3601401,-284.5454,54.01848,25.65704,0.1768148,0.1569207,0.9716545,None
2024-07-08 03:45:50.619,2024-07-08 03:45:50.619,444.9354,False,True,1127.13,697.8934,False,NaN,True,4.12059,NaN,NaN,NaN,NaN,NaN,NaN,NaN,NaN,NaN,NaN,NaN,0,0,0,0,0,0,0.4591152,0.5470122,0.1984835,15.22773,-17.68965,498.6958,29.41041,130.7755,40.76138,0.5870471,0.3538024,-284.5464,54.02067,25.65704,0.1735118,0.163935,0.9710917,None
2024-07-08 03:45:50.658,2024-07-08 03:45:50.658,444.8932,False,True,1133.854,691.4807,False,NaN,True,4.067657,NaN,NaN,NaN,NaN,NaN,NaN,NaN,NaN,NaN,NaN,NaN,0,0,0,0,0,0,0.4591738,0.5468545,0.1973517,15.18865,-17.6107,498.1333,30.58312,129.6078,40.33632,0.5905491,0.3597401,-284.5443,54.01862,25.65704,0.1804748,0.1572481,0.9709284,None
2024-07-08 03:45:50.738,2024-07-08 03:45:50.738,444.8139,False,True,1018.98,765.7171,False,NaN,True,4.004578,NaN,NaN,NaN,NaN,NaN,NaN,NaN,NaN,NaN,NaN,NaN,0,0,0,0,0,0,0.4596512,0.5464715,0.1972426,15.00873,-17.46588,498.0892,10.54819,143.1262,45.25664,0.5307188,0.2910027,-284.5811,54.04243,25.65704,0.0611719,0.2341584,0.9702721,None
2024-07-08 03:45:50.777,2024-07-08 03:45:50.777,444.7733,False,True,894.5198,855.4899,False,NaN,True,3.955475,NaN,NaN,NaN,NaN,NaN,NaN,NaN,NaN,NaN,NaN,NaN,0,0,0,0,0,0,0.4606423,0.5460421,0.1987103,14.66004,-17.3313,498.8389,-11.15865,159.4737,51.20666,0.4658957,0.2078797,-284.621,54.07122,25.65704,-0.06619316,0.3189165,0.9454685,None
2024-07-08 03:45:50.815,2024-07-08 03:45:50.815,444.734,False,True,895.8762,856.0001,False,NaN,True,3.937973,NaN,NaN,NaN,NaN,NaN,NaN,NaN,NaN,NaN,NaN,NaN,0,0,0,0,0,0,0.4606751,0.5461338,0.1979343,14.63638,-17.35214,498.4505,-10.92209,159.5667,51.24049,0.4666022,0.2074073,-284.6206,54.07138,25.65704,-0.06483321,0.3194113,0.9453957,None
2024-07-08 03:45:50.933,2024-07-08 03:45:50.933,444.6183,False,True,888.1102,837.1806,False,NaN,True,3.866364,NaN,NaN,NaN,NaN,NaN,NaN,NaN,NaN,NaN,NaN,NaN,0,0,0,0,0,0,0.4607514,0.5462648,0.1947086,14.56053,-17.34487,496.8384,-12.27654,156.1396,49.99314,0.4625574,0.2248328,-284.6231,54.06535,25.65704,-0.07307264,0.3020061,0.9505013,None
2024-07-08 03:45:50.972,2024-07-08 03:45:50.972,444.5781,False,True,891.5231,838.0623,False,NaN,True,3.844925,NaN,NaN,NaN,NaN,NaN,NaN,NaN,NaN,NaN,NaN,NaN,0,0,0,0,0,0,0.4607889,0.5462446,0.1939519,14.53551,-17.32418,496.4612,-11.68131,156.3002,50.05159,0.4643349,0.2240165,-284.622,54.06563,25.65704,-0.06959099,0.3028982,0.9504787,None
2024-07-08 03:45:51.009,2024-07-08 03:45:51.009,444.5401,False,True,896.5356,842.7021,False,NaN,True,3.820343,NaN,NaN,NaN,NaN,NaN,NaN,NaN,NaN,NaN,NaN,NaN,0,0,0,0,0,0,0.4609026,0.5462099,0.1935034,14.48665,-17.30352,496.2389,-10.80707,157.1451,50.35912,0.4669456,0.2197202,-284.6204,54.06712,25.65704,-0.06441423,0.3072748,0.9494382,None
2024-07-08 03:45:51.086,2024-07-08 03:45:51.086,444.464,False,True,688.7023,941.6984,False,NaN,True,3.801895,NaN,NaN,NaN,NaN,NaN,NaN,NaN,NaN,NaN,NaN,NaN,0,0,0,0,0,0,0.462332,0.545671,0.1956257,13.98439,-17.13999,497.3211,-47.05478,175.1722,56.9205,0.3586991,0.1280571,-284.687,54.09887,25.65704,-0.2575426,0.3813137,0.8878466,None
2024-07-08 03:45:51.126,2024-07-08 03:45:51.126,444.426,False,True,561.4855,991.1307,False,NaN,True,3.776016,NaN,NaN,NaN,NaN,NaN,NaN,NaN,NaN,NaN,NaN,NaN,0,0,0,0,0,0,0.4634168,0.5454115,0.1964894,13.59142,-17.05833,497.7671,-69.24235,184.1738,60.19678,0.2924404,0.08228637,-284.7278,54.11473,25.65704,-0.3582999,0.4055977,0.8408993,None
2024-07-08 03:45:51.164,2024-07-08 03:45:51.164,444.3857,False,True,566.092,992.8007,False,NaN,True,3.751709,NaN,NaN,NaN,NaN,NaN,NaN,NaN,NaN,NaN,NaN,NaN,0,0,0,0,0,0,0.463545,0.545414,0.1955103,13.53024,-17.04256,497.2793,-68.43893,184.478,60.30748,0.2948396,0.08074007,-284.7263,54.11526,25.65704,-0.3544525,0.4074538,0.8416322,None
2024-07-08 03:45:51.280,2024-07-08 03:45:51.280,444.2693,False,True,569.4667,987.1121,False,NaN,True,3.714905,NaN,NaN,NaN,NaN,NaN,NaN,NaN,NaN,NaN,NaN,NaN,0,0,0,0,0,0,0.4638672,0.5453585,0.1941489,13.39167,-16.99872,496.6032,-67.85037,183.4421,59.93044,0.2965972,0.08600734,-284.7253,54.11344,25.65704,-0.3525313,0.4036008,0.8442915,None
2024-07-08 03:45:51.317,2024-07-08 03:45:51.317,444.2321,False,True,564.061,989.7599,False,NaN,True,3.703827,NaN,NaN,NaN,NaN,NaN,NaN,NaN,NaN,NaN,NaN,NaN,0,0,0,0,0,0,0.463913,0.5454095,0.1936354,13.36772,-17.00891,496.3465,-68.79317,183.9242,60.10593,0.2937818,0.08355568,-284.727,54.11429,25.65704,-0.3564644,0.4048966,0.8420166,None
2024-07-08 03:45:51.432,2024-07-08 03:45:51.432,444.1167,False,True,559.4847,975.7535,False,NaN,True,3.676636,NaN,NaN,NaN,NaN,NaN,NaN,NaN,NaN,NaN,NaN,NaN,0,0,0,0,0,0,0.4637929,0.5455872,0.1917286,13.38664,-17.04225,495.3905,-69.59129,181.3737,59.17759,0.2913983,0.09652448,-284.7285,54.1098,25.65704,-0.3618612,0.393693,0.8450221,None
2024-07-08 03:45:51.472,2024-07-08 03:45:51.472,444.0793,False,True,558.9858,976.8267,False,NaN,True,3.681549,NaN,NaN,NaN,NaN,NaN,NaN,NaN,NaN,NaN,NaN,NaN,0,0,0,0,0,0,0.4637227,0.5456753,0.1920092,13.41648,-17.07983,495.5288,-69.6783,181.5691,59.24876,0.2911385,0.09553086,-284.7286,54.11014,25.65704,-0.3621049,0.3944469,0.844566,None
2024-07-08 03:45:51.522,2024-07-08 03:45:51.522,444.0397,False,True,556.8223,980.3522,False,NaN,True,3.685593,NaN,NaN,NaN,NaN,NaN,NaN,NaN,NaN,NaN,NaN,NaN,0,0,0,0,0,0,0.4636014,0.5456269,0.193619,13.48346,-17.08947,496.3324,-70.05566,182.2111,59.4824,0.2900116,0.09226643,-284.7293,54.11127,25.65704,-0.3633471,0.3968484,0.8429058,None
2024-07-08 03:45:51.562,2024-07-08 03:45:51.562,443.9901,False,True,560.4021,978.8521,False,NaN,True,3.696304,NaN,NaN,NaN,NaN,NaN,NaN,NaN,NaN,NaN,NaN,NaN,0,0,0,0,0,0,0.4635978,0.5455564,0.1938873,13.48849,-17.06783,496.4673,-69.43129,181.9379,59.38295,0.2918761,0.09365553,-284.7282,54.11079,25.65704,-0.360746,0.396171,0.8443405,None
2024-07-08 03:45:51.682,2024-07-08 03:45:51.682,443.8676,False,True,562.374,976.3809,False,NaN,True,3.732681,NaN,NaN,NaN,NaN,NaN,NaN,NaN,NaN,NaN,NaN,NaN,0,0,0,0,0,0,0.4631521,0.5455999,0.1915301,13.6221,-17.04336,495.2847,-69.0874,181.4879,59.2192,0.2929031,0.09594362,-284.7275,54.11,25.65704,-0.3595148,0.3945373,0.8456295,None
2024-07-08 03:45:51.723,2024-07-08 03:45:51.723,443.829,False,True,562.9689,979.163,False,NaN,True,3.743332,NaN,NaN,NaN,NaN,NaN,NaN,NaN,NaN,NaN,NaN,NaN,0,0,0,0,0,0,0.4631298,0.5457631,0.1907432,13.61953,-17.09038,494.8893,-68.98362,181.9945,59.40357,0.293213,0.09336759,-284.7274,54.11089,25.65704,-0.3586859,0.3967355,0.8449528,None
2024-07-08 03:45:51.764,2024-07-08 03:45:51.764,443.789,False,True,563.7807,976.9935,False,NaN,True,3.742142,NaN,NaN,NaN,NaN,NaN,NaN,NaN,NaN,NaN,NaN,NaN,0,0,0,0,0,0,0.4632081,0.5457466,0.1904256,13.5861,-17.07882,494.7317,-68.84204,181.5995,59.25982,0.2936358,0.09537634,-284.7271,54.11019,25.65704,-0.3583121,0.3951885,0.8458359,None
2024-07-08 03:45:51.886,2024-07-08 03:45:51.886,443.6672,False,True,1752.694,537.4563,False,NaN,True,3.796799,NaN,NaN,NaN,NaN,NaN,NaN,NaN,NaN,NaN,NaN,NaN,0,0,0,0,0,0,0.456448,0.5480306,0.1955452,16.17739,-18.0162,497.1833,138.5134,101.56,30.12779,0.9128612,0.5023553,-284.3457,53.96921,25.65704,0.6465529,-0.002072442,0.7628663,None
2024-07-08 03:45:51.922,2024-07-08 03:45:51.922,443.6257,False,True,1748.556,538.0154,False,NaN,True,3.813354,NaN,NaN,NaN,NaN,NaN,NaN,NaN,NaN,NaN,NaN,NaN,0,0,0,0,0,0,0.4560748,0.5480407,0.1955344,16.31641,-18.01961,497.1732,137.7916,101.6618,30.16484,0.910706,0.5018376,-284.3471,53.96939,25.65704,0.6445823,-0.001622087,0.7645332,None
2024-07-08 03:45:51.961,2024-07-08 03:45:51.961,443.589,False,True,1743.49,540.0508,False,NaN,True,3.812149,NaN,NaN,NaN,NaN,NaN,NaN,NaN,NaN,NaN,NaN,NaN,0,0,0,0,0,0,0.455906,0.5480801,0.1953069,16.3756,-18.03016,497.0571,136.9081,102.0325,30.29976,0.9080675,0.499953,-284.3487,53.97004,25.65704,0.6421462,4.043401E-05,0.7665822,None
2024-07-08 03:45:52.086,2024-07-08 03:45:52.086,443.4703,False,True,1745.528,546.6161,False,NaN,True,3.864456,NaN,NaN,NaN,NaN,NaN,NaN,NaN,NaN,NaN,NaN,NaN,0,0,0,0,0,0,0.4555429,0.54816,0.1981734,16.55851,-18.11175,498.483,137.2637,103.228,30.73489,0.9091294,0.493874,-284.3481,53.97215,25.65704,0.643125,0.005415017,0.7657421,None
2024-07-08 03:45:52.130,2024-07-08 03:45:52.130,443.4268,False,True,1779.601,641.6865,False,NaN,True,3.902481,NaN,NaN,NaN,NaN,NaN,NaN,NaN,NaN,NaN,NaN,NaN,0,0,0,0,0,0,0.4554918,0.547965,0.1984592,16.58244,-18.04399,498.6277,143.2062,120.5403,37.03604,0.9268754,0.4058458,-284.3371,54.00264,25.65704,0.6568567,0.08149499,0.7495985,None
2024-07-08 03:45:52.173,2024-07-08 03:45:52.173,443.3822,False,True,1781.531,649.2618,False,NaN,True,3.944016,NaN,NaN,NaN,NaN,NaN,NaN,NaN,NaN,NaN,NaN,NaN,0,0,0,0,0,0,0.455656,0.5477918,0.2002065,16.55003,-18.01075,499.5047,143.5428,121.9197,37.53816,0.9278808,0.3988317,-284.3365,54.00507,25.65704,0.6574034,0.08743446,0.748449,None
2024-07-08 03:45:52.215,2024-07-08 03:45:52.215,443.3394,False,True,1784.622,646.8768,False,NaN,True,3.965622,NaN,NaN,NaN,NaN,NaN,NaN,NaN,NaN,NaN,NaN,NaN,0,0,0,0,0,0,0.4559287,0.547745,0.2018933,16.4756,-18.02372,500.3511,144.082,121.4854,37.3801,0.9294909,0.40104,-284.3355,54.00431,25.65704,0.6589094,0.08539701,0.7473592,None
2024-07-08 03:45:52.266,2024-07-08 03:45:52.266,443.2968,False,True,1787.662,653.7299,False,NaN,True,4.004486,NaN,NaN,NaN,NaN,NaN,NaN,NaN,NaN,NaN,NaN,NaN,0,0,0,0,0,0,0.4563659,0.5476957,0.2043539,16.35156,-18.04962,501.586,144.6121,122.7333,37.83427,0.9310738,0.3946946,-284.3345,54.00651,25.65704,0.6599692,0.09068681,0.7457994,None
2024-07-08 03:45:52.326,2024-07-08 03:45:52.326,443.2469,False,True,1789.989,657.9587,False,NaN,True,4.058121,NaN,NaN,NaN,NaN,NaN,NaN,NaN,NaN,NaN,NaN,NaN,0,0,0,0,0,0,0.4561201,0.547936,0.2075693,16.49658,-18.19797,503.1855,145.018,123.5034,38.11456,0.9322861,0.3907789,-284.3338,54.00786,25.65704,0.6608031,0.0939118,0.744661,None
2024-07-08 03:45:52.386,2024-07-08 03:45:52.386,443.1862,False,True,1790.373,675.6702,False,NaN,True,4.085037,NaN,NaN,NaN,NaN,NaN,NaN,NaN,NaN,NaN,NaN,NaN,0,0,0,0,0,0,0.4559518,0.5480232,0.2089177,16.58224,-18.25519,503.8556,145.085,126.7287,39.28847,0.9324862,0.3743795,-284.3336,54.01355,25.65704,0.6600431,0.1078422,0.7434468,None
2024-07-08 03:45:52.433,2024-07-08 03:45:52.433,443.1268,False,True,1792.714,721.939,False,NaN,True,4.110153,NaN,NaN,NaN,NaN,NaN,NaN,NaN,NaN,NaN,NaN,NaN,0,0,0,0,0,0,0.4562046,0.547668,0.2100279,16.50503,-18.14104,504.4181,145.4933,135.1542,42.35508,0.9337054,0.331538,-284.3329,54.02839,25.65704,0.65805,0.1437783,0.7391198,None
2024-07-08 03:45:52.472,2024-07-08 03:45:52.472,443.0786,False,True,1785.371,725.3191,False,NaN,True,4.107544,NaN,NaN,NaN,NaN,NaN,NaN,NaN,NaN,NaN,NaN,NaN,0,0,0,0,0,0,0.4561887,0.5475119,0.2082891,16.48265,-18.05085,503.5516,144.2125,135.7697,42.57914,0.9298806,0.3284083,-284.3353,54.02947,25.65704,0.6544764,0.1469496,0.7416645,None
2024-07-08 03:45:52.510,2024-07-08 03:45:52.510,443.0396,False,True,1775.793,722.4201,False,NaN,True,4.130005,NaN,NaN,NaN,NaN,NaN,NaN,NaN,NaN,NaN,NaN,NaN,0,0,0,0,0,0,0.4559965,0.5473952,0.207228,16.53791,-17.98773,503.0209,142.5421,135.2418,42.38699,0.9248924,0.3310925,-284.3383,54.02854,25.65704,0.6503302,0.1454204,0.7456028,None
2024-07-08 03:45:52.585,2024-07-08 03:45:52.585,442.964,False,True,1768.246,720.4748,False,NaN,True,4.128586,NaN,NaN,NaN,NaN,NaN,NaN,NaN,NaN,NaN,NaN,NaN,0,0,0,0,0,0,0.4556046,0.5473999,0.2053751,16.65509,-17.95625,502.0906,141.2258,134.8876,42.25808,0.9209614,0.3328937,-284.3408,54.02792,25.65704,0.6469756,0.1444653,0.7487005,None
2024-07-08 03:45:52.625,2024-07-08 03:45:52.625,442.9272,False,True,1769.216,724.3367,False,NaN,True,4.108246,NaN,NaN,NaN,NaN,NaN,NaN,NaN,NaN,NaN,NaN,NaN,0,0,0,0,0,0,0.4553917,0.5473787,0.2043317,16.7179,-17.92951,501.5671,141.3949,135.5908,42.51404,0.9214665,0.3293178,-284.3405,54.02916,25.65704,0.6471356,0.1474202,0.7479858,None
2024-07-08 03:45:52.667,2024-07-08 03:45:52.667,442.8877,False,True,1771.626,727.3369,False,NaN,True,4.103943,NaN,NaN,NaN,NaN,NaN,NaN,NaN,NaN,NaN,NaN,NaN,0,0,0,0,0,0,0.4553352,0.5473555,0.2036399,16.72765,-17.90845,501.2212,141.8154,136.1372,42.71284,0.922722,0.3265399,-284.3397,54.03012,25.65704,0.6480307,0.149576,0.7467819,None
2024-07-08 03:45:52.713,2024-07-08 03:45:52.713,442.8437,False,True,1778.578,716.2227,False,NaN,True,4.101318,NaN,NaN,NaN,NaN,NaN,NaN,NaN,NaN,NaN,NaN,NaN,0,0,0,0,0,0,0.455325,0.5474198,0.2026952,16.71569,-17.91575,500.7485,143.0278,134.1133,41.97621,0.9263427,0.3368308,-284.3375,54.02655,25.65704,0.6520602,0.1403746,0.7450588,None
2024-07-08 03:45:52.755,2024-07-08 03:45:52.755,442.799,False,True,1782.199,716.8907,False,NaN,True,4.078278,NaN,NaN,NaN,NaN,NaN,NaN,NaN,NaN,NaN,NaN,NaN,0,0,0,0,0,0,0.4553048,0.5473478,0.2012284,16.69886,-17.86251,500.0167,143.6593,134.2349,42.02045,0.9282287,0.3362122,-284.3363,54.02676,25.65704,0.653667,0.1406331,0.7436005,None
2024-07-08 03:45:52.831,2024-07-08 03:45:52.831,442.7189,False,True,1775.456,711.3895,False,NaN,True,4.075958,NaN,NaN,NaN,NaN,NaN,NaN,NaN,NaN,NaN,NaN,NaN,0,0,0,0,0,0,0.4553218,0.5472511,0.1999822,16.67174,-17.80408,499.3958,142.4832,133.2331,41.65588,0.9247164,0.341306,-284.3384,54.025,25.65704,0.65098,0.1368202,0.7466629,None
2024-07-08 03:45:52.872,2024-07-08 03:45:52.872,442.6804,False,True,1684.201,709.2579,False,NaN,True,4.084473,NaN,NaN,NaN,NaN,NaN,NaN,NaN,NaN,NaN,NaN,NaN,0,0,0,0,0,0,0.455875,0.5472612,0.1991439,16.4507,-17.79313,498.9839,126.5678,132.845,41.5146,0.8771882,0.3432797,-284.3677,54.02431,25.65704,0.6060478,0.1416411,0.7827157,None
2024-07-08 03:45:52.911,2024-07-08 03:45:52.911,442.6408,False,True,1669.402,713.4735,False,NaN,True,4.060928,NaN,NaN,NaN,NaN,NaN,NaN,NaN,NaN,NaN,NaN,NaN,0,0,0,0,0,0,0.4563096,0.5472286,0.1966455,16.24729,-17.7367,497.7419,123.9867,133.6126,41.79403,0.8694803,0.3393764,-284.3725,54.02567,25.65704,0.5978237,0.1461849,0.7881858,None
2024-07-08 03:45:53.006,2024-07-08 03:45:53.006,442.5596,False,True,1671.168,720.3536,False,NaN,True,4.090363,NaN,NaN,NaN,NaN,NaN,NaN,NaN,NaN,NaN,NaN,NaN,0,0,0,0,0,0,0.4570436,0.5471286,0.1987551,16.00709,-17.73715,498.8056,124.2946,134.8655,42.25,0.8703998,0.3330059,-284.3719,54.02787,25.65704,0.5982488,0.1517179,0.7868165,None
2024-07-08 03:45:53.055,2024-07-08 03:45:53.055,442.5073,False,True,1670.489,726.5925,False,NaN,True,4.10228,NaN,NaN,NaN,NaN,NaN,NaN,NaN,NaN,NaN,NaN,NaN,0,0,0,0,0,0,0.457379,0.5469887,0.1991695,15.88824,-17.6923,499.0185,124.1763,136.0016,42.66351,0.8700464,0.3272291,-284.3721,54.02988,25.65704,0.5974106,0.156895,0.7864379,None
2024-07-08 03:45:53.116,2024-07-08 03:45:53.116,442.4565,False,True,1659.329,723.8123,False,NaN,True,4.128769,NaN,NaN,NaN,NaN,NaN,NaN,NaN,NaN,NaN,NaN,NaN,0,0,0,0,0,0,0.4575846,0.5469164,0.1999957,15.82436,-17.67992,499.4345,122.2298,135.4953,42.47927,0.8642337,0.3298034,-284.3757,54.02898,25.65704,0.5915424,0.1554791,0.7911409,None
2024-07-08 03:45:53.154,2024-07-08 03:45:53.154,442.3963,False,True,1649.934,725.6574,False,NaN,True,4.138245,NaN,NaN,NaN,NaN,NaN,NaN,NaN,NaN,NaN,NaN,NaN,0,0,0,0,0,0,0.4575976,0.5468846,0.2000722,15.82072,-17.66936,499.4733,120.5913,135.8313,42.60152,0.8593405,0.328095,-284.3787,54.02958,25.65704,0.5861819,0.1577438,0.7946745,None
2024-07-08 03:45:53.229,2024-07-08 03:45:53.229,442.3202,False,True,1654.479,725.4172,False,NaN,True,4.158188,NaN,NaN,NaN,NaN,NaN,NaN,NaN,NaN,NaN,NaN,NaN,0,0,0,0,0,0,0.4573156,0.5469652,0.2005497,15.93397,-17.7079,499.7074,121.3839,135.7876,42.58559,0.8617076,0.3283174,-284.3773,54.0295,25.65704,0.5887396,0.1571843,0.7928926,None
2024-07-08 03:45:53.270,2024-07-08 03:45:53.270,442.2831,False,True,1649.471,721.929,False,NaN,True,4.182831,NaN,NaN,NaN,NaN,NaN,NaN,NaN,NaN,NaN,NaN,NaN,0,0,0,0,0,0,0.4570414,0.5470892,0.2013955,16.05024,-17.76924,500.1248,120.5105,135.1524,42.35442,0.8590993,0.3315473,-284.3789,54.02838,25.65704,0.5862173,0.1546847,0.7952496,None
2024-07-08 03:45:53.310,2024-07-08 03:45:53.310,442.2418,False,True,1653.946,721.4554,False,NaN,True,4.195709,NaN,NaN,NaN,NaN,NaN,NaN,NaN,NaN,NaN,NaN,NaN,0,0,0,0,0,0,0.4569143,0.5470494,0.2020901,16.10913,-17.76657,500.4708,121.291,135.0661,42.32304,0.8614301,0.3319857,-284.3774,54.02823,25.65704,0.5887458,0.1539494,0.7935225,None
2024-07-08 03:45:53.530,2024-07-08 03:45:53.530,442.0207,False,True,1291.2,676.058,False,NaN,True,4.270828,NaN,NaN,NaN,NaN,NaN,NaN,NaN,NaN,NaN,NaN,NaN,0,0,0,0,0,0,0.459248,0.547231,0.2050716,15.27811,-17.88879,501.9849,58.02541,126.7993,39.31414,0.6725001,0.3740204,-284.4938,54.01367,25.65704,0.3306897,0.135855,0.93391,None
2024-07-08 03:45:53.567,2024-07-08 03:45:53.567,441.9819,False,True,1282.841,673.5618,False,NaN,True,4.283646,NaN,NaN,NaN,NaN,NaN,NaN,NaN,NaN,NaN,NaN,NaN,0,0,0,0,0,0,0.4593664,0.5473487,0.2062971,15.25206,-17.95502,502.5967,56.56747,126.3447,39.14872,0.6681463,0.3763317,-284.4965,54.01287,25.65704,0.3233551,0.1337705,0.9367747,None
2024-07-08 03:45:53.610,2024-07-08 03:45:53.610,441.9442,False,True,1282.612,679.8516,False,NaN,True,4.28923,NaN,NaN,NaN,NaN,NaN,NaN,NaN,NaN,NaN,NaN,NaN,0,0,0,0,0,0,0.4594343,0.5475119,0.2066091,15.2311,-18.02213,502.7511,56.52757,127.4901,39.56556,0.668027,0.3705077,-284.4965,54.01488,25.65704,0.3228736,0.1399636,0.9360356,None
2024-07-08 03:45:53.661,2024-07-08 03:45:53.661,441.9015,False,True,1288.982,682.3111,False,NaN,True,4.294662,NaN,NaN,NaN,NaN,NaN,NaN,NaN,NaN,NaN,NaN,NaN,0,0,0,0,0,0,0.4594973,0.5474928,0.2068944,15.21164,-18.02009,502.8946,57.63847,127.938,39.7286,0.6713446,0.3682305,-284.4945,54.01567,25.65704,0.3284485,0.1420762,0.9337752,None
2024-07-08 03:45:53.723,2024-07-08 03:45:53.723,441.8509,False,True,1287.489,680.6177,False,NaN,True,4.296204,NaN,NaN,NaN,NaN,NaN,NaN,NaN,NaN,NaN,NaN,NaN,0,0,0,0,0,0,0.459566,0.5474048,0.2072545,15.19119,-17.99335,503.0764,57.3781,127.6296,39.61637,0.670567,0.3697984,-284.495,54.01513,25.65704,0.3271774,0.1404909,0.9344609,None
2024-07-08 03:45:53.830,2024-07-08 03:45:53.830,441.7256,False,True,1290.035,675.381,False,NaN,True,4.277115,NaN,NaN,NaN,NaN,NaN,NaN,NaN,NaN,NaN,NaN,NaN,0,0,0,0,0,0,0.4595555,0.547241,0.2064979,15.18383,-17.91806,502.7006,57.82211,126.676,39.26928,0.671893,0.3746473,-284.4941,54.01345,25.65704,0.3297029,0.1352417,0.9343477,None
2024-07-08 03:45:54.175,2024-07-08 03:45:54.175,441.3732,False,True,1298.998,676.9995,False,NaN,True,4.285065,NaN,NaN,NaN,NaN,NaN,NaN,NaN,NaN,NaN,NaN,NaN,0,0,0,0,0,0,0.4604975,0.547482,0.2030649,14.77785,-17.94788,500.9933,59.38543,126.9708,39.37655,0.6765615,0.3731486,-284.4913,54.01397,25.65704,0.3375749,0.1364223,0.9313604,None
2024-07-08 03:45:54.213,2024-07-08 03:45:54.213,441.3367,False,True,1298.298,678.545,False,NaN,True,4.281525,NaN,NaN,NaN,NaN,NaN,NaN,NaN,NaN,NaN,NaN,NaN,0,0,0,0,0,0,0.460511,0.547417,0.2031514,14.77407,-17.92504,501.0375,59.26339,127.2522,39.479,0.6761971,0.3717176,-284.4915,54.01447,25.65704,0.3368731,0.1379611,0.9313878,None
2024-07-08 03:45:54.255,2024-07-08 03:45:54.255,441.2985,False,True,1301.179,680.9776,False,NaN,True,4.293732,NaN,NaN,NaN,NaN,NaN,NaN,NaN,NaN,NaN,NaN,NaN,0,0,0,0,0,0,0.4604702,0.547313,0.2032427,14.7908,-17.88755,501.084,59.76574,127.6952,39.6402,0.6776972,0.3694652,-284.4906,54.01525,25.65704,0.3393003,0.1402008,0.9301715,None
2024-07-08 03:45:54.353,2024-07-08 03:45:54.353,441.2184,False,True,1300.196,683.7927,False,NaN,True,4.297745,NaN,NaN,NaN,NaN,NaN,NaN,NaN,NaN,NaN,NaN,NaN,0,0,0,0,0,0,0.4604065,0.5474081,0.2033491,14.81629,-17.92518,501.1353,59.59432,128.2078,39.82679,0.6771852,0.3668586,-284.4909,54.01615,25.65704,0.3383121,0.1429942,0.9301063,None
2024-07-08 03:45:54.430,2024-07-08 03:45:54.430,441.1203,False,True,1252.172,609.038,False,NaN,True,4.180954,NaN,NaN,NaN,NaN,NaN,NaN,NaN,NaN,NaN,NaN,NaN,0,0,0,0,0,0,0.4604895,0.5471493,0.2033897,14.78576,-17.82863,501.1599,51.21862,114.595,34.87214,0.6521729,0.4360759,-284.5063,53.99217,25.65704,0.2974288,0.07028197,0.9521536,None
2024-07-08 03:45:54.566,2024-07-08 03:45:54.566,440.9998,False,True,1343.845,696.6475,False,NaN,True,4.20076,NaN,NaN,NaN,NaN,NaN,NaN,NaN,NaN,NaN,NaN,NaN,0,0,0,0,0,0,0.4599195,0.5463076,0.2014659,14.97169,-17.47846,500.2038,67.20705,130.5486,40.67876,0.6999192,0.354956,-284.4769,54.02027,25.65704,0.3751908,0.1531128,0.9142147,None
2024-07-08 03:45:54.621,2024-07-08 03:45:54.621,440.9464,False,True,1352.985,796.6581,False,NaN,True,4.340454,NaN,NaN,NaN,NaN,NaN,NaN,NaN,NaN,NaN,NaN,NaN,0,0,0,0,0,0,0.4600855,0.5464176,0.2022386,14.92086,-17.53332,500.5902,68.80124,148.7605,47.30735,0.7046799,0.2623536,-284.474,54.05235,25.65704,0.3755274,0.2452628,0.8937702,None
2024-07-08 03:45:54.673,2024-07-08 03:45:54.673,440.8909,False,True,1352,779.405,False,NaN,True,4.314621,NaN,NaN,NaN,NaN,NaN,NaN,NaN,NaN,NaN,NaN,NaN,0,0,0,0,0,0,0.4602789,0.5465263,0.2030795,14.8606,-17.58893,501.0109,68.62943,145.6187,46.16386,0.7041668,0.2783287,-284.4743,54.04682,25.65704,0.3762051,0.2297544,0.8975983,None
2024-07-08 03:45:54.905,2024-07-08 03:45:54.905,440.6619,False,True,1352.875,779.4924,False,NaN,True,4.355774,NaN,NaN,NaN,NaN,NaN,NaN,NaN,NaN,NaN,NaN,NaN,0,0,0,0,0,0,0.4606397,0.5467361,0.2013097,14.6989,-17.63675,500.1281,68.78191,145.6347,46.16964,0.7046222,0.2782477,-284.474,54.04684,25.65704,0.3769034,0.2297612,0.8973035,None
2024-07-08 03:45:54.959,2024-07-08 03:45:54.959,440.6075,False,True,1349.572,780.4144,False,NaN,True,4.387466,NaN,NaN,NaN,NaN,NaN,NaN,NaN,NaN,NaN,NaN,NaN,0,0,0,0,0,0,0.4606226,0.5467764,0.2022388,14.71895,-17.66823,500.5915,68.20596,145.8025,46.23078,0.7029022,0.2773941,-284.4751,54.04714,25.65704,0.3740968,0.2308727,0.8981923,None
2024-07-08 03:45:55.013,2024-07-08 03:45:55.013,440.5525,False,True,1350.311,792.8323,False,NaN,True,4.411407,NaN,NaN,NaN,NaN,NaN,NaN,NaN,NaN,NaN,NaN,NaN,0,0,0,0,0,0,0.4605498,0.546937,0.2039037,14.77074,-17.75798,501.4201,68.33489,148.0638,47.05379,0.7032872,0.2658961,-284.4748,54.05112,25.65704,0.3736576,0.2420493,0.8954285,None
2024-07-08 03:45:55.067,2024-07-08 03:45:55.067,440.4996,False,True,1408.411,790.1777,False,NaN,True,4.423706,NaN,NaN,NaN,NaN,NaN,NaN,NaN,NaN,NaN,NaN,NaN,0,0,0,0,0,0,0.4600897,0.5468563,0.20428,14.9495,-17.73408,501.604,78.46788,147.5804,46.87788,0.7335474,0.268354,-284.4562,54.05027,25.65704,0.4202602,0.2344686,0.8765876,None
2024-07-08 03:45:55.122,2024-07-08 03:45:55.122,440.446,False,True,1420.268,792.4772,False,NaN,True,4.427063,NaN,NaN,NaN,NaN,NaN,NaN,NaN,NaN,NaN,NaN,NaN,0,0,0,0,0,0,0.4599513,0.5468451,0.2048139,15.00952,-17.73925,501.8693,80.5358,147.9992,47.03028,0.7397228,0.2662248,-284.4524,54.05101,25.65704,0.4291202,0.2353994,0.8720338,None
2024-07-08 03:45:55.175,2024-07-08 03:45:55.175,440.3892,False,True,1420.284,790.5727,False,NaN,True,4.422729,NaN,NaN,NaN,NaN,NaN,NaN,NaN,NaN,NaN,NaN,NaN,0,0,0,0,0,0,0.4598036,0.5468733,0.2037697,15.04948,-17.73133,501.3457,80.5386,147.6524,46.90403,0.7397313,0.2679882,-284.4524,54.0504,25.65704,0.4293211,0.2337177,0.8723872,None
2024-07-08 03:45:55.227,2024-07-08 03:45:55.227,440.3367,False,True,1419.618,794.0536,False,NaN,True,4.415665,NaN,NaN,NaN,NaN,NaN,NaN,NaN,NaN,NaN,NaN,NaN,0,0,0,0,0,0,0.459818,0.5469487,0.2037582,15.04384,-17.75948,501.3391,80.42252,148.2862,47.13478,0.7393846,0.2647652,-284.4526,54.05152,25.65704,0.4284733,0.2368496,0.8719592,None
2024-07-08 03:45:55.263,2024-07-08 03:45:55.263,440.286,False,True,1419.422,791.4404,False,NaN,True,4.412018,NaN,NaN,NaN,NaN,NaN,NaN,NaN,NaN,NaN,NaN,NaN,0,0,0,0,0,0,0.4598418,0.5470252,0.203118,15.02531,-17.77692,501.0186,80.38839,147.8104,46.96156,0.7392825,0.2671848,-284.4526,54.05068,25.65704,0.4285881,0.2345591,0.8725219,None
2024-07-08 03:45:55.303,2024-07-08 03:45:55.303,440.2488,False,True,1421.447,789.34,False,NaN,True,4.389267,NaN,NaN,NaN,NaN,NaN,NaN,NaN,NaN,NaN,NaN,NaN,0,0,0,0,0,0,0.4597556,0.5471182,0.2017054,15.03646,-17.78676,500.3109,80.74136,147.4279,46.82233,0.7403367,0.2691297,-284.452,54.05,25.65704,0.4303275,0.2325194,0.8722116,None
2024-07-08 03:45:55.381,2024-07-08 03:45:55.381,440.1695,False,True,1415.659,790.8253,False,NaN,True,4.383286,NaN,NaN,NaN,NaN,NaN,NaN,NaN,NaN,NaN,NaN,NaN,0,0,0,0,0,0,0.4593666,0.5470984,0.2033569,15.20752,-17.80848,501.1316,79.73198,147.6983,46.92076,0.7373223,0.2677544,-284.4539,54.05048,25.65704,0.425771,0.2343698,0.8739507,None
2024-07-08 03:45:55.418,2024-07-08 03:45:55.418,440.1318,False,True,1418.678,789.3243,False,NaN,True,4.361053,NaN,NaN,NaN,NaN,NaN,NaN,NaN,NaN,NaN,NaN,NaN,0,0,0,0,0,0,0.4592486,0.5469818,0.2031165,15.24829,-17.76036,501.0117,80.25855,147.425,46.82129,0.7388949,0.2691442,-284.4529,54.05,25.65704,0.4282207,0.232765,0.8731825,None
2024-07-08 03:45:55.460,2024-07-08 03:45:55.460,440.0927,False,True,1423.287,792.8244,False,NaN,True,4.347229,NaN,NaN,NaN,NaN,NaN,NaN,NaN,NaN,NaN,NaN,NaN,0,0,0,0,0,0,0.4592075,0.5469415,0.2043812,15.283,-17.76753,501.6434,81.06241,148.0624,47.0533,0.7412955,0.2659033,-284.4514,54.05112,25.65704,0.4313864,0.2354153,0.8709107,None
2024-07-08 03:45:55.710,2024-07-08 03:45:55.710,439.8561,False,True,1256.262,614.6882,False,NaN,True,4.096115,NaN,NaN,NaN,NaN,NaN,NaN,NaN,NaN,NaN,NaN,NaN,0,0,0,0,0,0,0.4598429,0.54695,0.2030375,15.02372,-17.74725,500.9794,51.93201,115.6239,35.24662,0.6543034,0.4308443,-284.505,53.99398,25.65704,0.3010826,0.07590898,0.950572,None
2024-07-08 03:45:55.754,2024-07-08 03:45:55.754,439.8017,False,True,1284.448,706.2554,False,NaN,True,4.328613,NaN,NaN,NaN,NaN,NaN,NaN,NaN,NaN,NaN,NaN,NaN,0,0,0,0,0,0,0.4599926,0.5472984,0.2051494,14.9988,-17.91584,502.0312,56.84787,132.2982,41.31559,0.6689836,0.3460598,-284.4959,54.02335,25.65704,0.3232056,0.1656202,0.9317232,None
2024-07-08 03:45:55.813,2024-07-08 03:45:55.813,439.7578,False,True,1278.284,703.7708,False,NaN,True,4.338623,NaN,NaN,NaN,NaN,NaN,NaN,NaN,NaN,NaN,NaN,NaN,0,0,0,0,0,0,0.4599245,0.547414,0.2053879,15.028,-17.96362,502.148,55.77275,131.8458,41.15096,0.665773,0.3483604,-284.4979,54.02256,25.65704,0.3178193,0.1635281,0.933943,None
2024-07-08 03:45:55.871,2024-07-08 03:45:55.871,439.6999,False,True,1269.693,704.7141,False,NaN,True,4.334244,NaN,NaN,NaN,NaN,NaN,NaN,NaN,NaN,NaN,NaN,NaN,0,0,0,0,0,0,0.4597964,0.5476342,0.2020022,15.0254,-17.98574,500.4526,54.27429,132.0176,41.21344,0.6612982,0.3474869,-284.5007,54.02286,25.65704,0.3100253,0.1648943,0.9363195,None
2024-07-08 03:45:55.922,2024-07-08 03:45:55.922,439.6414,False,True,1278.43,701.691,False,NaN,True,4.350998,NaN,NaN,NaN,NaN,NaN,NaN,NaN,NaN,NaN,NaN,NaN,0,0,0,0,0,0,0.4597548,0.5475362,0.2004728,15.01806,-17.92152,499.6896,55.79826,131.4671,41.01307,0.6658491,0.3502861,-284.4979,54.02189,25.65704,0.3180539,0.1615015,0.9342157,None
2024-07-08 03:45:55.962,2024-07-08 03:45:55.962,439.5894,False,True,1279.237,702.9772,False,NaN,True,4.369186,NaN,NaN,NaN,NaN,NaN,NaN,NaN,NaN,NaN,NaN,NaN,0,0,0,0,0,0,0.4596381,0.5474474,0.200008,15.0549,-17.87989,499.4574,55.93891,131.7013,41.0983,0.6662691,0.3490952,-284.4976,54.0223,25.65704,0.3187046,0.1627093,0.9337842,None
2024-07-08 03:45:56.000,2024-07-08 03:45:56.000,439.5495,False,True,1286.08,701.6705,False,NaN,True,4.396454,NaN,NaN,NaN,NaN,NaN,NaN,NaN,NaN,NaN,NaN,NaN,0,0,0,0,0,0,0.4594546,0.547459,0.2007027,15.13414,-17.89659,499.8021,57.13249,131.4633,41.01171,0.6698335,0.3503051,-284.4954,54.02188,25.65704,0.3248981,0.161085,0.9319297,None
2024-07-08 03:45:56.106,2024-07-08 03:45:56.106,439.4653,False,True,1357.24,761.4193,False,NaN,True,4.437485,NaN,NaN,NaN,NaN,NaN,NaN,NaN,NaN,NaN,NaN,NaN,0,0,0,0,0,0,0.4589415,0.5473144,0.1988567,15.29834,-17.80926,498.8762,69.54327,142.3435,44.97176,0.7068959,0.2949822,-284.4726,54.04105,25.65704,0.3819523,0.2128992,0.8993254,None
2024-07-08 03:45:56.158,2024-07-08 03:45:56.158,439.4069,False,True,1362.313,764.3563,False,NaN,True,4.438995,NaN,NaN,NaN,NaN,NaN,NaN,NaN,NaN,NaN,NaN,NaN,0,0,0,0,0,0,0.4589982,0.5474763,0.2004025,15.30068,-17.89751,499.6467,70.42808,142.8784,45.16645,0.7095381,0.2922627,-284.471,54.04199,25.65704,0.3858798,0.2151924,0.8971004,None
2024-07-08 03:45:56.210,2024-07-08 03:45:56.210,439.3541,False,True,1355.223,767.3453,False,NaN,True,4.419159,NaN,NaN,NaN,NaN,NaN,NaN,NaN,NaN,NaN,NaN,NaN,0,0,0,0,0,0,0.4589697,0.5474281,0.2002194,15.30858,-17.87616,499.5556,69.19149,143.4227,45.36455,0.7058452,0.2894951,-284.4732,54.04295,25.65704,0.3798188,0.2184943,0.8988871,None
2024-07-08 03:45:56.267,2024-07-08 03:45:56.267,439.3013,False,True,1361.033,767.1829,False,NaN,True,4.373108,NaN,NaN,NaN,NaN,NaN,NaN,NaN,NaN,NaN,NaN,NaN,0,0,0,0,0,0,0.459052,0.5472014,0.2010755,15.29092,-17.80647,499.9872,70.20476,143.3931,45.3538,0.7088712,0.2896455,-284.4714,54.0429,25.65704,0.3846041,0.2178783,0.8969998,None
2024-07-08 03:45:56.321,2024-07-08 03:45:56.321,439.2451,False,True,1351.988,769.0598,False,NaN,True,4.329773,NaN,NaN,NaN,NaN,NaN,NaN,NaN,NaN,NaN,NaN,NaN,0,0,0,0,0,0,0.4590307,0.5470046,0.2004476,15.28939,-17.72156,499.676,68.6273,143.7349,45.4782,0.7041605,0.2879076,-284.4743,54.0435,25.65704,0.3770238,0.2203194,0.899618,None
2024-07-08 03:45:56.374,2024-07-08 03:45:56.374,439.1914,False,True,1356.673,766.4989,False,NaN,True,4.289322,NaN,NaN,NaN,NaN,NaN,NaN,NaN,NaN,NaN,NaN,NaN,0,0,0,0,0,0,0.459043,0.5468321,0.2010697,15.29436,-17.6679,499.989,69.4444,143.2685,45.30848,0.7066006,0.2902788,-284.4728,54.04268,25.65704,0.381083,0.2176013,0.8985685,None
2024-07-08 03:45:56.427,2024-07-08 03:45:56.427,439.1392,False,True,1367.084,773.4163,False,NaN,True,4.242569,NaN,NaN,NaN,NaN,NaN,NaN,NaN,NaN,NaN,NaN,NaN,0,0,0,0,0,0,0.45918,0.5467179,0.201215,15.2452,-17.62769,500.0647,71.26007,144.5282,45.7669,0.7120227,0.2838739,-284.4694,54.0449,25.65704,0.3890226,0.2230582,0.8938157,None
2024-07-08 03:45:56.481,2024-07-08 03:45:56.481,439.0847,False,True,1365.117,776.1218,False,NaN,True,4.212311,NaN,NaN,NaN,NaN,NaN,NaN,NaN,NaN,NaN,NaN,NaN,0,0,0,0,0,0,0.4592907,0.5466785,0.2027228,15.22657,-17.63946,500.8196,70.91714,145.0208,45.94625,0.7109986,0.2813688,-284.4701,54.04576,25.65704,0.3871971,0.2256832,0.8939494,None
2024-07-08 03:45:56.748,2024-07-08 03:45:56.748,438.8152,False,True,1362.365,786.1922,False,NaN,True,4.041153,NaN,NaN,NaN,NaN,NaN,NaN,NaN,NaN,NaN,NaN,NaN,0,0,0,0,0,0,0.4596756,0.5469581,0.2038693,15.09909,-17.76495,501.3929,70.43716,146.8547,46.61372,0.7095653,0.2720442,-284.4709,54.049,25.65704,0.3841159,0.2350227,0.8928714,None
2024-07-08 03:45:56.827,2024-07-08 03:45:56.827,438.7232,False,True,1440.195,799.2056,False,NaN,True,4.010361,NaN,NaN,NaN,NaN,NaN,NaN,NaN,NaN,NaN,NaN,NaN,0,0,0,0,0,0,0.4590187,0.5468083,0.2036192,15.34243,-17.70392,501.2625,84.01128,149.2244,47.47623,0.7501017,0.2599948,-284.446,54.05317,25.65704,0.443441,0.2393766,0.863747,None
2024-07-08 03:45:56.870,2024-07-08 03:45:56.870,438.6845,False,True,1440.319,798.0051,False,NaN,True,4.013458,NaN,NaN,NaN,NaN,NaN,NaN,NaN,NaN,NaN,NaN,NaN,0,0,0,0,0,0,0.4589719,0.5467222,0.2047749,15.37776,-17.6919,501.8403,84.03288,149.0058,47.39666,0.7501662,0.2611063,-284.446,54.05278,25.65704,0.4436661,0.2383122,0.8639258,None
2024-07-08 03:45:56.928,2024-07-08 03:45:56.928,438.6425,False,True,1436.359,807.4222,False,NaN,True,4.000168,NaN,NaN,NaN,NaN,NaN,NaN,NaN,NaN,NaN,NaN,NaN,0,0,0,0,0,0,0.4590014,0.5468545,0.204831,15.36747,-17.74269,501.8669,83.34222,150.7206,48.02082,0.7481037,0.2523869,-284.4472,54.05581,25.65704,0.4397845,0.2468914,0.8635011,None
2024-07-08 03:45:57.080,2024-07-08 03:45:57.080,438.4736,False,True,1425.596,801.7379,False,NaN,True,4.035507,NaN,NaN,NaN,NaN,NaN,NaN,NaN,NaN,NaN,NaN,NaN,0,0,0,0,0,0,0.4594618,0.5470972,0.2058377,15.20922,-17.85211,502.3717,81.46503,149.6855,47.64405,0.7424978,0.2576501,-284.4507,54.05398,25.65704,0.4322778,0.243006,0.8683801,None
2024-07-08 03:45:57.121,2024-07-08 03:45:57.121,438.4323,False,True,1430.881,812.2489,False,NaN,True,4.056366,NaN,NaN,NaN,NaN,NaN,NaN,NaN,NaN,NaN,NaN,NaN,0,0,0,0,0,0,0.4593842,0.5470881,0.2075549,15.26451,-17.87912,503.2287,82.3868,151.5996,48.34073,0.7452505,0.2479177,-284.449,54.05735,25.65704,0.4352058,0.2516224,0.8644547,None
2024-07-08 03:45:57.161,2024-07-08 03:45:57.161,438.3909,False,True,1437.175,810.6117,False,NaN,True,4.070297,NaN,NaN,NaN,NaN,NaN,NaN,NaN,NaN,NaN,NaN,NaN,0,0,0,0,0,0,0.4593486,0.5470635,0.2073732,15.2752,-17.86656,503.1378,83.48455,151.3015,48.23221,0.7485287,0.2494336,-284.447,54.05683,25.65704,0.4400791,0.2495699,0.8625806,None
2024-07-08 03:45:57.201,2024-07-08 03:45:57.201,438.3509,False,True,1436.298,811.4171,False,NaN,True,4.077301,NaN,NaN,NaN,NaN,NaN,NaN,NaN,NaN,NaN,NaN,NaN,0,0,0,0,0,0,0.4592891,0.5470063,0.2073744,15.29769,-17.845,503.1385,83.33157,151.4481,48.28558,0.748072,0.2486879,-284.4472,54.05709,25.65704,0.4393385,0.2503568,0.86273,None
2024-07-08 03:45:57.399,2024-07-08 03:45:57.399,438.1665,False,True,1414.671,812.5577,False,NaN,True,4.152435,NaN,NaN,NaN,NaN,NaN,NaN,NaN,NaN,NaN,NaN,NaN,0,0,0,0,0,0,0.4595316,0.5469942,0.2115938,15.26984,-17.91525,505.2488,79.55959,151.6559,48.36119,0.7368076,0.2476317,-284.4542,54.05745,25.65704,0.4229097,0.253524,0.8699844,None
2024-07-08 03:45:57.449,2024-07-08 03:45:57.449,438.1128,False,True,1413.603,810.0566,False,NaN,True,4.160492,NaN,NaN,NaN,NaN,NaN,NaN,NaN,NaN,NaN,NaN,NaN,0,0,0,0,0,0,0.4593725,0.5470775,0.2124602,15.34327,-17.96214,505.6786,79.37331,151.2003,48.19543,0.7362513,0.2499476,-284.4545,54.05665,25.65704,0.422351,0.2514465,0.8708584,None
2024-07-08 03:45:57.573,2024-07-08 03:45:57.573,437.9806,False,True,1419.374,805.4968,False,NaN,True,4.154007,NaN,NaN,NaN,NaN,NaN,NaN,NaN,NaN,NaN,NaN,NaN,0,0,0,0,0,0,0.4589976,0.5471016,0.2123077,15.48314,-17.96838,505.5978,80.37982,150.37,47.89324,0.739257,0.2541696,-284.4527,54.05519,25.65704,0.4271972,0.2468992,0.869795,None
2024-07-08 03:45:57.614,2024-07-08 03:45:57.614,437.9387,False,True,1417.675,805.7079,False,NaN,True,4.154861,NaN,NaN,NaN,NaN,NaN,NaN,NaN,NaN,NaN,NaN,NaN,0,0,0,0,0,0,0.4589342,0.5470787,0.2115461,15.49552,-17.9462,505.217,80.0836,150.4085,47.90717,0.7383724,0.2539742,-284.4532,54.05526,25.65704,0.4258723,0.247254,0.8703437,None
2024-07-08 03:45:57.654,2024-07-08 03:45:57.654,437.8978,False,True,1417.781,799.2744,False,NaN,True,4.163101,NaN,NaN,NaN,NaN,NaN,NaN,NaN,NaN,NaN,NaN,NaN,0,0,0,0,0,0,0.4589448,0.5470837,0.2108321,15.4806,-17.93543,504.8604,80.10203,149.2369,47.48079,0.7384274,0.2599311,-284.4532,54.05319,25.65704,0.426583,0.2416076,0.8715807,None
2024-07-08 03:45:57.853,2024-07-08 03:45:57.853,437.7023,False,True,791.21,326.8447,False,NaN,True,2.594101,NaN,NaN,NaN,NaN,NaN,NaN,NaN,NaN,NaN,NaN,NaN,0,0,0,0,0,0,0.4596508,0.5463163,0.2106752,15.21113,-17.64237,504.8004,-29.17666,63.20772,16.16873,0.4120885,0.6973661,-284.6541,53.90166,25.65704,-0.1732821,-0.21884,0.9602513,None
2024-07-08 03:45:57.974,2024-07-08 03:45:57.974,437.5777,False,True,1196.921,761.5103,False,NaN,True,4.249115,NaN,NaN,NaN,NaN,NaN,NaN,NaN,NaN,NaN,NaN,NaN,0,0,0,0,0,0,0.4598915,0.5470756,0.2100846,15.11081,-17.91947,504.498,41.58246,142.3601,44.97785,0.6233965,0.2948979,-284.524,54.04108,25.65704,0.2393112,0.2237602,0.9448077,None
2024-07-08 03:45:58.013,2024-07-08 03:45:58.013,437.538,False,True,1197.712,754.4602,False,NaN,True,4.225296,NaN,NaN,NaN,NaN,NaN,NaN,NaN,NaN,NaN,NaN,NaN,0,0,0,0,0,0,0.4599805,0.5470343,0.2073728,15.03666,-17.85581,503.1452,41.72031,141.0763,44.51054,0.6238081,0.3014257,-284.5238,54.03881,25.65704,0.240449,0.2169367,0.9461092,None
2024-07-08 03:45:58.054,2024-07-08 03:45:58.054,437.4985,False,True,1199.776,750.0273,False,NaN,True,4.206314,NaN,NaN,NaN,NaN,NaN,NaN,NaN,NaN,NaN,NaN,NaN,0,0,0,0,0,0,0.4600705,0.5471389,0.2074221,15.00339,-17.8962,503.1694,42.08032,140.2691,44.21674,0.6248832,0.3055303,-284.5231,54.0374,25.65704,0.2426396,0.212552,0.9465451,None
2024-07-08 03:45:58.178,2024-07-08 03:45:58.178,437.3742,False,True,1200.448,735.5845,False,NaN,True,4.223862,NaN,NaN,NaN,NaN,NaN,NaN,NaN,NaN,NaN,NaN,NaN,0,0,0,0,0,0,0.4601722,0.5471024,0.2073237,14.96354,-17.88073,503.1219,42.19756,137.639,43.25953,0.6252334,0.3189032,-284.5229,54.03276,25.65704,0.2440256,0.1984984,0.9492365,None
2024-07-08 03:45:58.220,2024-07-08 03:45:58.220,437.3335,False,True,1199.738,731.7117,False,NaN,True,4.242676,NaN,NaN,NaN,NaN,NaN,NaN,NaN,NaN,NaN,NaN,NaN,0,0,0,0,0,0,0.4600408,0.5471588,0.2071056,15.00986,-17.89806,503.0107,42.0737,136.9338,43.00282,0.6248634,0.3224891,-284.5231,54.03152,25.65704,0.2435338,0.1947509,0.9501386,None
2024-07-08 03:45:58.261,2024-07-08 03:45:58.261,437.2924,False,True,1204.324,730.2706,False,NaN,True,4.25769,NaN,NaN,NaN,NaN,NaN,NaN,NaN,NaN,NaN,NaN,NaN,0,0,0,0,0,0,0.4600485,0.5470996,0.2075053,15.01294,-17.88284,503.2112,42.87348,136.6714,42.9073,0.6272519,0.3238235,-284.5216,54.03106,25.65704,0.2479866,0.1931199,0.9493194,None
2024-07-08 03:45:58.304,2024-07-08 03:45:58.304,437.2506,False,True,1204.066,741.8065,False,NaN,True,4.286331,NaN,NaN,NaN,NaN,NaN,NaN,NaN,NaN,NaN,NaN,NaN,0,0,0,0,0,0,0.4602031,0.5471383,0.2076335,14.95647,-17.89978,503.2765,42.82855,138.7721,43.67187,0.6271178,0.3131422,-284.5217,54.03476,25.65704,0.2471682,0.2043688,0.9471754,None
2024-07-08 03:45:58.423,2024-07-08 03:45:58.423,437.1287,False,True,1210.078,730.4789,False,NaN,True,4.310394,NaN,NaN,NaN,NaN,NaN,NaN,NaN,NaN,NaN,NaN,NaN,0,0,0,0,0,0,0.4604205,0.5473207,0.2044172,14.82679,-17.91135,501.67,43.87715,136.7093,42.92106,0.6302491,0.3236306,-284.5198,54.03112,25.65704,0.2534293,0.1930403,0.9478972,None
2024-07-08 03:45:58.461,2024-07-08 03:45:58.461,437.089,False,True,1209.225,729.9166,False,NaN,True,4.301025,NaN,NaN,NaN,NaN,NaN,NaN,NaN,NaN,NaN,NaN,NaN,0,0,0,0,0,0,0.4603979,0.5474483,0.2033074,14.81888,-17.93954,501.1138,43.72834,136.6069,42.88386,0.6298048,0.3241513,-284.5201,54.03094,25.65704,0.2526464,0.1925392,0.9482081,None
2024-07-08 03:45:58.502,2024-07-08 03:45:58.502,437.0502,False,True,1211.776,731.8792,False,NaN,True,4.298325,NaN,NaN,NaN,NaN,NaN,NaN,NaN,NaN,NaN,NaN,NaN,0,0,0,0,0,0,0.4603205,0.5474511,0.2026469,14.8382,-17.92873,500.783,44.17319,136.9643,43.01392,0.6311331,0.3223341,-284.5193,54.03157,25.65704,0.2549828,0.1943255,0.9472178,None
2024-07-08 03:45:58.545,2024-07-08 03:45:58.545,437.0094,False,True,1214.173,731.2599,False,NaN,True,4.298798,NaN,NaN,NaN,NaN,NaN,NaN,NaN,NaN,NaN,NaN,NaN,0,0,0,0,0,0,0.4601736,0.5475138,0.2016135,14.87803,-17.93374,500.2644,44.59133,136.8515,42.97288,0.6323819,0.3229075,-284.5185,54.03138,25.65704,0.2572816,0.1936,0.9467445,None
2024-07-08 03:45:58.623,2024-07-08 03:45:58.623,436.9269,False,True,1216.199,728.166,False,NaN,True,4.299149,NaN,NaN,NaN,NaN,NaN,NaN,NaN,NaN,NaN,NaN,NaN,0,0,0,0,0,0,0.4598929,0.5474721,0.2011265,14.97611,-17.90923,500.0185,44.94464,136.2881,42.7678,0.633437,0.3257723,-284.5178,54.03038,25.65704,0.2593535,0.190479,0.9468123,None
2024-07-08 03:45:58.664,2024-07-08 03:45:58.664,436.8884,False,True,1213.995,726.0032,False,NaN,True,4.299652,NaN,NaN,NaN,NaN,NaN,NaN,NaN,NaN,NaN,NaN,NaN,0,0,0,0,0,0,0.4595698,0.5475747,0.2003458,15.08549,-17.93361,499.6236,44.56026,135.8943,42.62445,0.6322891,0.3277749,-284.5185,54.02969,25.65704,0.2573818,0.1884768,0.9477506,None
2024-07-08 03:45:58.703,2024-07-08 03:45:58.703,436.8487,False,True,1211.905,726.3363,False,NaN,True,4.31192,NaN,NaN,NaN,NaN,NaN,NaN,NaN,NaN,NaN,NaN,NaN,0,0,0,0,0,0,0.45928,0.547763,0.1997503,15.18504,-17.99331,499.3203,44.19572,135.955,42.64651,0.6312006,0.3274664,-284.5192,54.0298,25.65704,0.2553647,0.1889082,0.9482102,None
2024-07-08 03:45:58.821,2024-07-08 03:45:58.821,436.7309,False,True,1212.677,725.7201,False,NaN,True,4.342682,NaN,NaN,NaN,NaN,NaN,NaN,NaN,NaN,NaN,NaN,NaN,0,0,0,0,0,0,0.4589334,0.5479975,0.2002953,15.32311,-18.09082,499.5854,44.33033,135.8427,42.60569,0.6316025,0.3280369,-284.519,54.0296,25.65704,0.2561269,0.1882634,0.9481328,None
2024-07-08 03:45:58.861,2024-07-08 03:45:58.861,436.6912,False,True,1215.315,726.0425,False,NaN,True,4.336746,NaN,NaN,NaN,NaN,NaN,NaN,NaN,NaN,NaN,NaN,NaN,0,0,0,0,0,0,0.4588135,0.5480469,0.1996323,15.35783,-18.09729,499.2522,44.79051,135.9015,42.62708,0.6329767,0.3277384,-284.5181,54.0297,25.65704,0.2586223,0.1884538,0.9474174,None
2024-07-08 03:45:58.901,2024-07-08 03:45:58.901,436.6519,False,True,1214.441,734.2283,False,NaN,True,4.345093,NaN,NaN,NaN,NaN,NaN,NaN,NaN,NaN,NaN,NaN,NaN,0,0,0,0,0,0,0.4585246,0.5479348,0.2001567,15.47424,-18.06469,499.5123,44.63803,137.3921,43.16961,0.6325214,0.3201589,-284.5184,54.03233,25.65704,0.2573741,0.1964766,0.9461265,None
2024-07-08 03:45:59.023,2024-07-08 03:45:59.023,436.5295,False,True,1168.726,734.1936,False,NaN,True,4.389816,NaN,NaN,NaN,NaN,NaN,NaN,NaN,NaN,NaN,NaN,NaN,0,0,0,0,0,0,0.4586038,0.5478889,0.2014536,15.46459,-18.07095,500.1616,36.66492,137.3857,43.16732,0.6087112,0.3201911,-284.5331,54.03231,25.65704,0.213473,0.1986043,0.9565488,None
2024-07-08 03:45:59.065,2024-07-08 03:45:59.065,436.4889,False,True,845.8745,741.9388,False,NaN,True,4.423615,NaN,NaN,NaN,NaN,NaN,NaN,NaN,NaN,NaN,NaN,NaN,0,0,0,0,0,0,0.4607879,0.5478891,0.2022803,14.65705,-18.08681,500.5991,-19.64275,138.7962,43.68064,0.4405596,0.3130196,-284.6366,54.0348,25.65704,-0.1184269,0.209556,0.9705985,None
2024-07-08 03:45:59.102,2024-07-08 03:45:59.102,436.4478,False,True,831.6505,740.3179,False,NaN,True,4.442734,NaN,NaN,NaN,NaN,NaN,NaN,NaN,NaN,NaN,NaN,NaN,0,0,0,0,0,0,0.4607514,0.5479165,0.2026798,14.6766,-18.10427,500.7979,-22.12352,138.501,43.57323,0.4331513,0.3145205,-284.6412,54.03428,25.65704,-0.1330075,0.2075621,0.9691372,None
2024-07-08 03:45:59.218,2024-07-08 03:45:59.218,436.332,False,True,717.4515,915.2938,False,NaN,True,4.489716,NaN,NaN,NaN,NaN,NaN,NaN,NaN,NaN,NaN,NaN,NaN,0,0,0,0,0,0,0.4619752,0.5470623,0.2003966,14.18466,-17.74342,499.6822,-42.04069,170.364,55.17043,0.3736727,0.1525058,-284.6778,54.0904,25.65704,-0.2340065,0.3620533,0.9023072,None
2024-07-08 03:45:59.257,2024-07-08 03:45:59.257,436.2935,False,True,661.4432,939.4802,False,NaN,True,4.47319,NaN,NaN,NaN,NaN,NaN,NaN,NaN,NaN,NaN,NaN,NaN,0,0,0,0,0,0,0.462642,0.546644,0.1976132,13.89605,-17.53796,498.3045,-51.80896,174.7683,56.77343,0.3445016,0.1301109,-284.6958,54.09816,25.65704,-0.2816769,0.3768786,0.8823949,None
2024-07-08 03:45:59.297,2024-07-08 03:45:59.297,436.2542,False,True,660.6661,944.3965,False,NaN,True,4.443329,NaN,NaN,NaN,NaN,NaN,NaN,NaN,NaN,NaN,NaN,NaN,0,0,0,0,0,0,0.4626321,0.5467286,0.1914529,13.81389,-17.46109,495.2262,-51.9445,175.6636,57.09931,0.344097,0.1255587,-284.696,54.09974,25.65704,-0.2818505,0.38077,0.8806671,None
2024-07-08 03:45:59.494,2024-07-08 03:45:59.494,436.07,False,True,541.1666,969.8475,False,NaN,True,4.230469,NaN,NaN,NaN,NaN,NaN,NaN,NaN,NaN,NaN,NaN,NaN,0,0,0,0,0,0,0.4621072,0.546284,0.1858862,13.93045,-17.19864,492.446,-72.78611,180.2982,58.78614,0.2818576,0.101993,-284.7343,54.1079,25.65704,-0.3768975,0.386795,0.8416281,None
2024-07-08 03:45:59.548,2024-07-08 03:45:59.548,436.0177,False,True,543.0537,971.964,False,NaN,True,4.17099,NaN,NaN,NaN,NaN,NaN,NaN,NaN,NaN,NaN,NaN,NaN,0,0,0,0,0,0,0.4615665,0.5461381,0.1873139,14.15073,-17.1694,493.1553,-72.45699,180.6836,58.92644,0.2828405,0.1000334,-284.7337,54.10858,25.65704,-0.3751433,0.3886659,0.8415499,None
2024-07-08 03:46:00.024,2024-07-08 03:46:00.024,435.5318,True,True,1422.055,-288.7299,True,4.559265,True,4.727264,0.6107145,0.5432347,0.3665859,-48.40053,-18.96007,580.9721,96.53102,-47.3401,-24.06741,0.7874894,1.259472,-284.423,53.70694,25.65704,0.4055678,-0.6026796,0.6872351,0.4507757,0.5474105,0.3425321,20.99367,-20.40784,570.5153,65.16399,-50.43597,-25.19426,0.693818,1.275213,-284.4807,53.70148,25.65704,0.2842126,-0.6394585,0.7143641,None
2024-07-08 03:46:00.071,2024-07-08 03:46:00.071,435.4887,False,True,1182.719,-204.467,False,NaN,True,4.210678,NaN,NaN,NaN,NaN,NaN,NaN,NaN,NaN,NaN,NaN,NaN,0,0,0,0,0,0,0.4495563,0.5466143,0.2077446,18.97755,-17.69917,503.2036,39.10551,-33.54382,-19.046,0.6159995,1.189321,-284.5286,53.73124,25.65704,0.1831581,-0.6122314,0.7691722,None
2024-07-08 03:46:01.607,2024-07-08 03:46:01.607,433.9431,True,False,1243.554,769.861,True,3.76619,False,NaN,0.6091884,0.5396286,0.1963647,-40.77684,-14.85243,496.2885,49.71559,143.8808,45.53126,0.6476845,0.2871658,-284.5091,54.04375,25.65704,0.2824144,0.2289413,0.9315729,NaN,NaN,NaN,NaN,NaN,NaN,NaN,NaN,NaN,NaN,NaN,0,0,0,0,0,0,None
2024-07-08 03:46:01.645,2024-07-08 03:46:01.645,433.9046,True,True,1244.966,765.4302,True,3.743301,True,4.049194,0.6091663,0.5396183,0.1926899,-40.61827,-14.79384,494.4589,51.13993,143.0354,45.22361,0.651938,0.2914645,-284.5064,54.04227,25.65704,0.2901727,0.2240343,0.9303808,0.4482464,0.5441542,0.1925545,19.1795,-16.51716,495.6313,48.78373,143.1125,45.25167,0.6449016,0.2910722,-284.5108,54.0424,25.65704,0.2777768,0.2252912,0.9338543,FPV
2024-07-08 03:46:01.685,2024-07-08 03:46:01.685,433.8671,True,False,1266.083,755.4863,True,3.730621,False,NaN,0.6090714,0.5394421,0.1943203,-40.65012,-14.75275,495.2758,53.6448,141.2631,44.57856,0.6594183,0.3004757,-284.5018,54.03915,25.65704,0.3038094,0.2138986,0.9284112,NaN,NaN,NaN,NaN,NaN,NaN,NaN,NaN,NaN,NaN,NaN,0,0,0,0,0,0,None
2024-07-08 03:46:01.760,2024-07-08 03:46:01.760,433.7891,True,False,1648.432,585.0095,True,2.83609,False,NaN,0.6088467,0.5388797,0.1929982,-40.51363,-14.52466,494.6302,120.3294,110.2194,33.27954,0.8585585,0.4583246,-284.3792,53.98447,25.65704,0.5923409,0.03872938,0.804756,NaN,NaN,NaN,NaN,NaN,NaN,NaN,NaN,NaN,NaN,NaN,0,0,0,0,0,0,None
2024-07-08 03:46:01.801,2024-07-08 03:46:01.801,433.7509,True,False,1452.069,772.3245,True,3.693268,False,NaN,0.6093516,0.539643,0.1912946,-40.62939,-14.78208,493.758,86.08211,144.3294,45.69456,0.7562858,0.2848847,-284.4422,54.04454,25.65704,0.4547321,0.214699,0.8643628,NaN,NaN,NaN,NaN,NaN,NaN,NaN,NaN,NaN,NaN,NaN,0,0,0,0,0,0,None
2024-07-08 03:46:01.879,2024-07-08 03:46:01.879,433.673,False,True,1439.489,740.5425,False,NaN,True,4.154633,NaN,NaN,NaN,NaN,NaN,NaN,NaN,NaN,NaN,NaN,NaN,0,0,0,0,0,0,0.4492073,0.5444959,0.1948062,18.86493,-16.68246,496.7652,83.88808,138.5419,43.5881,0.7497338,0.3143125,-284.4462,54.03435,25.65704,0.4481204,0.1874224,0.8741058,None
2024-07-08 03:46:02.061,2024-07-08 03:46:02.061,433.4975,True,False,1490.595,824.2435,True,3.811615,False,NaN,0.612106,0.5412229,0.2045331,-42.19824,-15.56987,500.2485,92.80147,153.7838,49.13568,0.7763518,0.2368116,-284.4298,54.0612,25.65704,0.4770366,0.2555535,0.8409094,NaN,NaN,NaN,NaN,NaN,NaN,NaN,NaN,NaN,NaN,NaN,0,0,0,0,0,0,None
2024-07-08 03:46:04.262,2024-07-08 03:46:04.262,431.2942,True,False,1597.554,826.0386,True,5.231308,False,NaN,0.6166612,0.5449158,0.4099489,-52.86827,-20.41692,602.314,111.4558,154.1107,49.25462,0.8320591,0.2351494,-284.3955,54.06178,25.65704,0.5460685,0.2449999,0.8011144,NaN,NaN,NaN,NaN,NaN,NaN,NaN,NaN,NaN,NaN,NaN,0,0,0,0,0,0,None
2024-07-08 03:46:21.443,2024-07-08 03:46:21.443,414.1131,False,True,968.9196,1021.349,False,NaN,True,4.002365,NaN,NaN,NaN,NaN,NaN,NaN,NaN,NaN,NaN,NaN,NaN,0,0,0,0,0,0,0.4553239,0.5527325,0.2033677,16.72482,-19.92389,501.009,1.817231,189.6765,62.19958,0.5046456,0.05430692,-284.5971,54.12442,25.65704,0.008461935,0.4575813,0.8891275,None
2024-07-08 03:46:21.487,2024-07-08 03:46:21.487,414.0691,False,True,1439.727,652.1563,False,NaN,True,3.986481,NaN,NaN,NaN,NaN,NaN,NaN,NaN,NaN,NaN,NaN,NaN,0,0,0,0,0,0,0.4551018,0.5543888,0.2078182,16.88197,-20.637,503.2032,83.92958,122.4468,37.72997,0.7498577,0.3961516,-284.4461,54.006,25.65704,0.4538012,0.1060927,0.8847649,None
2024-07-08 03:46:21.528,2024-07-08 03:46:21.528,414.0258,False,True,1621.936,432.852,False,NaN,True,3.960541,NaN,NaN,NaN,NaN,NaN,NaN,NaN,NaN,NaN,NaN,NaN,0,0,0,0,0,0,0.4546644,0.5553473,0.2063137,17.02112,-20.96704,502.4315,115.7083,82.51163,23.19477,0.8447585,0.5992111,-284.3877,53.93566,25.65704,0.5751805,-0.09310126,0.8127112,None
2024-07-08 03:46:21.568,2024-07-08 03:46:21.568,413.9837,False,True,1606.235,451.7434,False,NaN,True,3.968369,NaN,NaN,NaN,NaN,NaN,NaN,NaN,NaN,NaN,NaN,NaN,0,0,0,0,0,0,0.4543001,0.5554912,0.2108965,17.23647,-21.11676,504.7127,112.9699,85.95172,24.44688,0.836581,0.5817191,-284.3927,53.94172,25.65704,0.5667466,-0.07739957,0.8202485,None
2024-07-08 03:46:21.737,2024-07-08 03:46:21.737,413.8173,False,True,1572.143,370.3098,False,NaN,True,3.981247,NaN,NaN,NaN,NaN,NaN,NaN,NaN,NaN,NaN,NaN,NaN,0,0,0,0,0,0,0.4520715,0.5571741,0.2110934,18.08268,-21.75641,504.7545,107.0239,71.12271,19.04955,0.8188243,0.6571205,-284.4037,53.9156,25.65704,0.541416,-0.1500864,0.8272502,None
2024-07-08 03:46:21.780,2024-07-08 03:46:21.780,413.7742,False,True,1569.476,363.7469,False,NaN,True,3.997665,NaN,NaN,NaN,NaN,NaN,NaN,NaN,NaN,NaN,NaN,NaN,0,0,0,0,0,0,0.4513903,0.5572297,0.2105788,18.33117,-21.76597,504.4875,106.5589,69.9276,18.61455,0.8174356,0.6631973,-284.4045,53.91349,25.65704,0.5392733,-0.155952,0.8275647,None
2024-07-08 03:46:21.823,2024-07-08 03:46:21.823,413.7319,False,True,1574.936,366.7989,False,NaN,True,4.005569,NaN,NaN,NaN,NaN,NaN,NaN,NaN,NaN,NaN,NaN,NaN,0,0,0,0,0,0,0.4508193,0.5572662,0.2097936,18.53276,-21.76249,504.087,107.511,70.48336,18.81684,0.8202791,0.6603714,-284.4028,53.91447,25.65704,0.5429059,-0.1529146,0.8257545,None
2024-07-08 03:46:21.868,2024-07-08 03:46:21.868,413.6888,False,True,1574.103,372.7751,False,NaN,True,4.036194,NaN,NaN,NaN,NaN,NaN,NaN,NaN,NaN,NaN,NaN,NaN,0,0,0,0,0,0,0.4500936,0.5570802,0.2096059,18.80372,-21.68775,503.9862,107.3657,71.57163,19.21295,0.8198451,0.6548379,-284.403,53.91639,25.65704,0.5428208,-0.1478172,0.826738,None
2024-07-08 03:46:21.993,2024-07-08 03:46:21.993,413.5607,False,True,1565.328,369.7477,False,NaN,True,4.126877,NaN,NaN,NaN,NaN,NaN,NaN,NaN,NaN,NaN,NaN,NaN,0,0,0,0,0,0,0.44887,0.5567915,0.2082523,19.2405,-21.54903,503.2977,105.8353,71.02036,19.01224,0.8152748,0.657641,-284.4059,53.91542,25.65704,0.5370892,-0.1510652,0.8298882,None
2024-07-08 03:46:22.042,2024-07-08 03:46:22.042,413.519,False,True,1565.101,370.6578,False,NaN,True,4.157364,NaN,NaN,NaN,NaN,NaN,NaN,NaN,NaN,NaN,NaN,NaN,0,0,0,0,0,0,0.4477367,0.5572572,0.2078157,19.65936,-21.71458,503.0558,105.7958,71.1861,19.0726,0.8151567,0.6567983,-284.4059,53.91571,25.65704,0.5370104,-0.1502894,0.83008,None
2024-07-08 03:46:22.090,2024-07-08 03:46:22.090,413.4703,False,True,1576.979,364.8658,False,NaN,True,4.193542,NaN,NaN,NaN,NaN,NaN,NaN,NaN,NaN,NaN,NaN,NaN,0,0,0,0,0,0,0.4467,0.5578898,0.2067612,20.029,-21.92949,502.5037,107.8675,70.13137,18.68874,0.8213435,0.6621613,-284.4021,53.91385,25.65704,0.544041,-0.1544291,0.8247248,None
2024-07-08 03:46:22.221,2024-07-08 03:46:22.221,413.3344,False,True,976.8426,996.5682,False,NaN,True,4.225494,NaN,NaN,NaN,NaN,NaN,NaN,NaN,NaN,NaN,NaN,NaN,0,0,0,0,0,0,0.4504307,0.554882,0.2060196,18.61125,-20.78337,502.2355,3.199073,185.164,60.55716,0.5087722,0.07725167,-284.5946,54.11647,25.65704,0.0161735,0.4386123,0.8985309,None
2024-07-08 03:46:22.265,2024-07-08 03:46:22.265,413.2911,False,True,954.2573,1011.143,False,NaN,True,4.22583,NaN,NaN,NaN,NaN,NaN,NaN,NaN,NaN,NaN,NaN,NaN,0,0,0,0,0,0,0.4511196,0.5550392,0.2066791,18.36371,-20.85658,502.5719,-0.7399735,187.818,61.52317,0.497009,0.06375688,-284.6018,54.12115,25.65704,-0.005482526,0.4498703,0.8930771,None
2024-07-08 03:46:22.385,2024-07-08 03:46:22.385,413.1668,False,True,959.8939,1047.465,False,NaN,True,4.211823,NaN,NaN,NaN,NaN,NaN,NaN,NaN,NaN,NaN,NaN,NaN,0,0,0,0,0,0,0.4519689,0.554261,0.2060202,18.03223,-20.55039,502.2666,0.2430666,194.4322,63.93052,0.4999447,0.03012533,-284.6,54.1328,25.65704,-0.000110809,0.4768932,0.8789612,None
2024-07-08 03:46:22.425,2024-07-08 03:46:22.425,413.1276,False,True,962.1359,1050.036,False,NaN,True,4.207703,NaN,NaN,NaN,NaN,NaN,NaN,NaN,NaN,NaN,NaN,NaN,0,0,0,0,0,0,0.4521684,0.554507,0.2043716,17.9275,-20.60933,501.4424,0.6340963,194.9006,64.10101,0.5011125,0.02774397,-284.5993,54.13362,25.65704,0.00200587,0.4787542,0.8779467,None
2024-07-08 03:46:22.464,2024-07-08 03:46:22.464,413.088,False,True,961.1927,1055.059,False,NaN,True,4.211151,NaN,NaN,NaN,NaN,NaN,NaN,NaN,NaN,NaN,NaN,NaN,0,0,0,0,0,0,0.4525417,0.5550439,0.2030463,17.76334,-20.78387,500.7773,0.469609,195.8151,64.43385,0.5006212,0.02309391,-284.5996,54.13523,25.65704,0.001117863,0.4823771,0.875963,None
2024-07-08 03:46:22.583,2024-07-08 03:46:22.583,412.9684,False,True,270.263,1009.273,False,NaN,True,4.214111,NaN,NaN,NaN,NaN,NaN,NaN,NaN,NaN,NaN,NaN,NaN,0,0,0,0,0,0,0.4578169,0.5553412,0.199425,15.72453,-20.82284,499.0308,-120.0338,187.4775,61.39925,0.140762,0.0654883,-284.8213,54.12055,25.65704,-0.5503474,0.3744282,0.7462716,None
2024-07-08 03:46:22.620,2024-07-08 03:46:22.620,412.9287,False,True,267.7336,1005.723,False,NaN,True,4.194656,NaN,NaN,NaN,NaN,NaN,NaN,NaN,NaN,NaN,NaN,NaN,0,0,0,0,0,0,0.4577377,0.5552544,0.1983125,15.73665,-20.76717,498.4757,-120.4749,186.8311,61.16389,0.1394446,0.06877527,-284.8221,54.11941,25.65704,-0.5523258,0.3715751,0.746236,None
2024-07-08 03:46:22.660,2024-07-08 03:46:22.660,412.8914,False,True,273.756,997.3279,False,NaN,True,4.15918,NaN,NaN,NaN,NaN,NaN,NaN,NaN,NaN,NaN,NaN,NaN,0,0,0,0,0,0,0.4575271,0.5548697,0.1942077,15.75059,-20.53849,496.4296,-119.4246,185.3024,60.60756,0.1425813,0.07654821,-284.8201,54.11671,25.65704,-0.5503385,0.3667581,0.7500774,None
2024-07-08 03:46:22.759,2024-07-08 03:46:22.759,412.8113,False,True,277.6064,998.1107,False,NaN,True,4.162247,NaN,NaN,NaN,NaN,NaN,NaN,NaN,NaN,NaN,NaN,NaN,0,0,0,0,0,0,0.4570047,0.5550076,0.1884521,15.85277,-20.47038,493.5474,-118.753,185.4449,60.6594,0.1445867,0.07582339,-284.8189,54.11697,25.65704,-0.548052,0.3679267,0.7511783,None
